收费广场信息,,,,,
序号,收费广场编号,收费广场名称,入出口类型,纬度,经度
1,D00103700100105010,青岛胶州湾隧道收费站,开放式+封闭式入,35.996414,120.289953
2,G00023700400101010,港沟收费站入口广场,封闭式入口,36.62974204584896,117.17613010900587
3,G00023700400102010,港沟收费站出口广场,封闭式出口,36.62987423093783,117.1762862757815
4,G00023700400201010,蟠龙收费站入口广场,封闭式入口,36.62811439574422,117.22367914858805
5,G00023700400202010,蟠龙收费站出口广场,封闭式出口,36.62805221931177,117.22367552471712
6,G00023700400301010,彩石收费站入口广场,封闭式入口,36.615665076377795,117.32952297685014
7,G00023700400302010,彩石收费站出口广场,封闭式出口,36.615783993865875,117.3295217568371
8,G00023700400401010,曹范收费站入口广场,,36.61120748252583,117.3995727923592
9,G00023700400402010,曹范收费站出口广场,,36.61109480025601,117.39954232551692
10,G00023700400501010,埠村收费站入口广场,封闭式入口,36.60121637564319,117.47712283095203
11,G00023700400502010,埠村收费站出口广场,封闭式出口,36.60136082214325,117.4771276831802
12,G00023700400601010,雪野收费站入口广场,封闭式入口,36.45423295879401,117.53071804741762
13,G00023700400602010,雪野收费站出口广场,封闭式出口,36.45408001633565,117.53098989846939
14,G00023700400701010,莱芜北收费站入口广场,封闭式入口,36.302350489700686,117.65003295000103
15,G00023700400702010,莱芜北收费站出口广场,封闭式出口,36.30246641674343,117.64984626389698
16,G00023700400801010,莱芜高新区收费站入口广场,封闭式入口,36.253622798949394,117.72466826193872
17,G00023700400802010,莱芜高新区收费站出口广场,封闭式出口,36.253728997855134,117.72446232086791
18,G00023700500101010,蒙阴收费站入口广场,封闭式入口,35.68893017634501,117.93513380269091
19,G00023700500102010,蒙阴收费站出口广场,封闭式出口,35.68884341749249,117.93530850417585
20,G00023700500201010,孟良崮收费站入口广场,封闭式入口,35.5380846617677,118.15463846360723
21,G00023700500202010,孟良崮收费站出口广场,封闭式出口,35.537959694484755,118.15463812047358
22,G00023700500301010,青驼收费站入口广场,封闭式入口,35.41124462500407,118.26002295350467
23,G00023700500302010,青驼收费站出口广场,封闭式出口,35.41099202678882,118.26007714423149
24,G00023700500401010,临沂收费站入口广场,封闭式入口,35.13761395185682,118.25509310437788
25,G00023700500402010,临沂收费站出口广场,封闭式出口,35.13750506956262,118.25481201745133
26,G00023700500501010,临沂北收费站下行入口广场,封闭式入口,35.271120738411,118.25475394362829
27,G00023700500501020,临沂北收费站上行入口广场,封闭式入口,35.27412661149104,118.25927661565615
28,G00023700500502010,临沂北收费站下行出口广场,封闭式出口,35.2711183713308,118.25491959822249
29,G00023700500502020,临沂北收费站上行出口广场,封闭式出口,35.2740206606328,118.25925537648614
30,G00023700500601010,蒙阴西入口收费广场,封闭式入口,35.735398,117.854807
31,G00023700500602010,蒙阴西出口收费广场,封闭式出口,35.735398,117.854807
32,G00023700500701010,临沂枣园入口收费广场,封闭式入口,35.212349,118.256612
33,G00023700500702010,临沂枣园出口收费广场,封闭式出口,35.212349,118.256612
34,G00023700600101010,临沂南收费站入口广场,封闭式入口,35.02178619369049,118.2242851316644
35,G00023700600102010,临沂南收费站出口广场,封闭式出口,35.021707322810215,118.22425043305493
36,G00023700600201010,兰陵收费站入口广场,封闭式入口,34.861947907295956,118.20757653721756
37,G00023700600202010,兰陵收费站出口广场,封闭式出口,34.86197543544202,118.20739093842415
38,G00023700600301010,郯城收费站入口广场,封闭式入口,34.64254031555403,118.24273072943127
39,G00023700600302010,郯城收费站出口广场,封闭式出口,34.6425209580957,118.24301717769168
40,G00023700600401010,红花埠收费站入口广场,封闭式入口,34.44279654709091,118.33913889760436
41,G00023700600402010,红花埠收费站出口广场,封闭式出口,34.44256430807046,118.33900350212731
42,G00023700600501010,鲁苏省界收费站入口广场,,34.425495,118.377119
43,G00023700600502010,鲁苏省界收费站出口广场,,34.425495,118.377119
44,G00023700600601010,临沂商城入口收费广场,封闭式入口,35.064425,118.233481
45,G00023700600602010,临沂商城出口收费广场,封闭式出口,35.064425,118.233481
46,G00023700600701010,郯城南入口收费广场,封闭式入口,34.579480,118.265989
47,G00023700600702010,郯城南出口收费广场,封闭式出口,34.579480,118.265989
48,G00023700800101010,遥墙收费站入口广场,封闭式入口,36.81752359513882,117.18455747265081
49,G00023700800102010,遥墙收费站出口广场,封闭式出口,36.81758324992438,117.18468274107003
50,G00023700800201010,济阳收费站入口广场,封闭式入口,36.84492525237286,117.11592546990579
51,G00023700800202010,济阳收费站出口广场,封闭式出口,36.84503145209587,117.11613224637907
52,G00023700800301010,靳家收费站外广场,封闭式入口,36.84365387748241,117.00741286597219
53,G00023700800302010,靳家收费站内广场,封闭式出口,36.84372710699252,117.00745984455743
54,G00023700800401020,齐河东收费站入口广场,封闭式入口,36.79643755220566,116.855371767292
55,G00023700800402010,齐河东收费站出口广场,封闭式出口,36.79641436185737,116.85550634685411
56,G00023700900101010,济南东收费站入口广场,封闭式入口,36.67645287120958,117.21018661164155
57,G00023700900102010,济南东收费站出口广场,封闭式出口,36.67652512258569,117.20991992447681
58,G00023700900201010,郭店收费站入口广场,封闭式入口,36.72546461121411,117.20871080251125
59,G00023700900202010,郭店收费站出口广场,封闭式出口,36.724877495462835,117.20797237611802
60,G00023700900301010,机场收费站入口广场,封闭式入口,36.84181685969108,117.20531351689947
61,G00023700900302010,机场收费站出口广场,封闭式出口,36.84181033372248,117.20561251679699
62,G00023701000101010,济南南收费站入口广场,封闭式入口,36.55012990281021,116.9946316614507
63,G00023701000102010,济南南收费站出口广场,封闭式出口,36.549903810468706,116.99328155655398
64,G00023701000204010,市中收费站广场,封闭式出+封闭式入,36.56639770736402,116.92663724484191
65,G00023701100101010,济阳西收费站入口广场,封闭式入口,36.973592016210645,117.05523676616761
66,G00023701100102020,济阳西收费站出口广场,封闭式出口,36.97359125101758,117.0554213947252
67,G00023701100201010,济阳北收费站入口广场,封闭式入口,37.066815242557254,117.03714624541942
68,G00023701100202020,济阳北收费站出口广场,封闭式出口,37.06682864588622,117.0374054304684
69,G00023701100301010,临邑收费站入口广场,封闭式入口,37.151979413668684,117.03047544907845
70,G00023701100302020,临邑收费站出口广场,封闭式出口,37.1520955954628,117.03067825362312
71,G00023701100401010,商河收费站入口广场,封闭式入口,37.2679737355775,117.09109841567663
72,G00023701100402020,商河收费站出口广场,封闭式出口,37.268012977198396,117.09134929134244
73,G00023701100501010,乐陵南收费站入口广场,封闭式入口,37.51888971353844,117.12894861833041
74,G00023701100502020,乐陵南收费站出口广场,封闭式出口,37.51876036733901,117.12893145212723
75,G00023701100601010,乐陵西收费站入口广场,封闭式入口,37.70619428058066,117.10895222419819
76,G00023701100602020,乐陵西收费站出口广场,封闭式出口,37.70603130702172,117.10908526169985
77,G00023701100701010,乐陵北收费站入口广场,封闭式入口,37.813348547694815,117.10409650338835
78,G00023701100702020,乐陵北收费站出口广场,封闭式出口,37.81340272868961,117.10385117372387
79,G00023701100801010,京沪鲁冀收费站入口广场,,37.835635,117.110939
80,G00023701100802010,京沪鲁冀收费站出口广场,,37.835635,117.110939
81,G00023701200101010,和庄收费站入口广场,封闭式入口,36.40951555264091,117.81181807699652
82,G00023701200102010,和庄收费站出口广场,封闭式出口,36.40942822265359,117.81177792979342
83,G00023701200201010,苗山收费站入口广场,封闭式入口,36.32374122889418,117.7878977229827
84,G00023701200202010,苗山收费站出口广场,封闭式出口,36.32376561252222,117.78786501268162
85,G00023701200301010,莱芜东收费站入口广场,封闭式入口,36.19347794966846,117.74389107600973
86,G00023701200301020,莱芜东收费站入口广场,封闭式入口,36.19719217025984,117.73999923479191
87,G00023701200302010,莱芜东收费站出口广场,封闭式出口,36.19345945154491,117.7440937438346
88,G00023701200302020,莱芜东收费站出口广场,封闭式出口,36.1972328138241,117.73980050700501
89,G00023701200401010,钢城收费站入口广场,封闭式入口,36.075552270006966,117.79315173789928
90,G00023701200402010,钢城收费站出口广场,封闭式出口,36.075277720628776,117.79317571385963
91,G00023701200501010,莱芜南收费站入口广场,封闭式入口,36.183410028546135,117.69850837689006
92,G00023701200502010,莱芜南收费站出口广场,封闭式出口,36.18360501206658,117.69851310709649
93,G00023701300101010,泰安南收费站入口广场,封闭式入口,36.14428156677843,117.09828560942366
94,G00023701300102010,泰安南收费站出口广场,封闭式出口,36.14451106292333,117.0983967641362
95,G00023701300201010,泰安东收费站入口广场,封闭式入口,36.148512733123354,117.1716227085311
96,G00023701300202010,泰安东收费站出口广场,封闭式出口,36.14845396442762,117.17175827125992
97,G00023701300301010,化马湾收费站入口广场,封闭式入口,36.06675085328882,117.43333827142746
98,G00023701300302010,化马湾收费站出口广场,封闭式出口,36.06669825564448,117.43344308012573
99,G00023701300401010,新泰西收费站入口广场,封闭式入口,35.9485605093641,117.53726843491707
100,G00023701300402010,新泰西收费站出口广场,封闭式出口,35.94847219365492,117.5372934451651
101,G00023701300501010,新泰南收费站入口广场,封闭式入口,35.84995882626943,117.68671285125701
102,G00023701300502010,新泰南收费站出口广场,封闭式出口,35.84964311355462,117.68689996426887
103,G00023701300601010,新泰东收费站入口广场,封闭式入口,35.92792758522978,117.82464973511924
104,G00023701300602010,新泰东收费站出口广场,封闭式出口,35.9279884288771,117.8244773510446
105,G00023701300604010,新泰东收费东广场,封闭式出+封闭式入,35.92792591436526,117.8246572051565
106,G00023701300604020,新泰东收费西广场,封闭式出+封闭式入,35.9279918767631,117.82447441762164
107,G00023701400101010,莱芜东入口收费广场,封闭式入口,36.203488,117.746322
108,G00023701400102010,莱芜东出口收费广场,封闭式出口,36.203488,117.746322
109,G00023701400201010,钢城入口收费广场,封闭式入口,36.081081,117.799706
110,G00023701400202010,钢城出口收费广场,封闭式出口,36.081081,117.799706
111,G00023701500101010,新泰北入口东收费广场,封闭式入口,35.930075,117.877863
112,G00023701500101020,新泰北入口西收费广场,封闭式入口,35.935201,117.831541
113,G00023701500102010,新泰北出口东收费广场,封闭式出口,35.930075,117.877863
114,G00023701500102020,新泰北出口西收费广场,封闭式出口,35.935201,117.831541
115,G00023701500201010,新泰东入口收费广场,封闭式入口,35.862263,117.837233
116,G00023701500202010,新泰东出口收费广场,封闭式出口,35.862263,117.837233
117,G00033700100101010,京台鲁冀收费站入口广场,,37.303300,116.232400
118,G00033700100102010,京台鲁冀收费站出口广场,,37.303300,116.232400
119,G00033700100301010,德州收费站入口广场,封闭式入口,37.421309704118016,116.38438219821487
120,G00033700100302010,德州收费站出口广场,封闭式出口,37.42136547575504,116.38480040221036
121,G00033700100401010,德州南收费站入口广场,封闭式入口,37.374436122322905,116.38168407290803
122,G00033700100402010,德州南收费站出口广场,封闭式出口,37.37448723777119,116.38170582220779
123,G00033700100501010,平原收费站入口广场,封闭式入口,37.21640849031908,116.49184713368827
124,G00033700100502010,平原收费站出口广场,封闭式出口,37.2165384278926,116.49178844389425
125,G00033700100601010,平原南收费(辅站)入口广场,封闭式入口,37.12573082002771,116.5691210467113
126,G00033700100602010,平原南收费(辅站)出口广场,封闭式出口,37.12570539696408,116.56904932149533
127,G00033700200101010,泰安西收费站入口外广场,封闭式入口,36.18481116515875,117.02258732589114
128,G00033700200102010,泰安西收费站出口内广场,封闭式出口,36.18470052005593,117.02285973321032
129,G00033700200301010,满庄收费站入口外广场,封闭式入口,36.03388608336549,117.09315980664313
130,G00033700200302010,满庄收费站出口内广场,封闭式出口,36.03401525580628,117.0931562214398
131,G00033700200401010,宁阳东收费站入口外广场,封闭式入口,35.911406262049965,117.06780109910746
132,G00033700200402010,宁阳东收费站出口内广场,封闭式出口,35.91156852239496,117.06778107964757
133,G00033700300101010,曲阜北收费站入口外广场,封闭式入口,35.73891177416044,117.05946531050247
134,G00033700300102010,曲阜北收费站出口内广场,封闭式出口,35.73893538617146,117.05961294360709
135,G00033700300201010,曲阜收费站入口外广场,封闭式入口,35.599794802460224,117.04351769503073
136,G00033700300202010,曲阜收费站出口内广场,封闭式出口,35.59975953281223,117.04335793324483
137,G00033700300301010,邹城收费站入口外广场,封闭式入口,35.409223087939935,117.06325653849925
138,G00033700300302010,邹城收费站出口内广场,封闭式出口,35.409387526230134,117.06340126149674
139,G00033700300401010,峄山收费站入口外广场,封闭式入口,35.30086361525022,117.08949276531438
140,G00033700300402010,峄山收费站出口内广场,封闭式出口,35.30092934678716,117.08933188466247
141,G00033700300504010,邹城北入口收费广场,封闭式出+封闭式入,35.403710,117.067034
142,G00033700300504020,邹城北出口收费广场,封闭式出+封闭式入,35.403763,117.067096
143,G00033700400101010,天桥收费站入口外广场,封闭式入口,36.72005203662815,116.92864962981858
144,G00033700400102010,天桥收费站出口内广场,封闭式出口,36.719833775159884,116.9281913114876
145,G00033700400201010,济南西收费站入口外广场,封闭式入口,36.6525588707224,116.88756028827083
146,G00033700400202010,济南西收费站出口内广场,封闭式出口,36.652336243448374,116.88739682045419
147,G00033700400301010,崮山收费站入口外广场,封闭式入口,36.55694900141823,116.85271786491423
148,G00033700400301020,崮山收费站分站入口外广场,封闭式入口,36.55159884801249,116.84733799318714
149,G00033700400302010,崮山收费站出口内广场,封闭式出口,36.556663973378704,116.85292427965405
150,G00033700400302020,崮山收费站分站出口内广场,封闭式出口,36.55175520311599,116.84728397927123
151,G00033700400401010,万德收费站入口外广场,封闭式入口,36.34843306666305,116.91124117008528
152,G00033700400402010,万德收费站出口内广场,封闭式出口,36.34836315566038,116.9112393174654
153,G00033700400501010,济南北收费站入口外广场,封闭式入口,36.711437849790215,117.0212756813186
154,G00033700400502010,济南北收费站出口内广场,封闭式出口,36.71143964104631,117.020906893743
155,G00033700400601010,国际医学中心入口收费广场,封闭式入口,36.68034771268927,116.87396525045958
156,G00033700400602020,国际医学中心出口收费广场,封闭式出口,36.68041950148664,116.8737379728003
157,G00033700500101010,禹城收费站入口广场,封闭式入口,36.969354539267584,116.68124771681582
158,G00033700500102010,禹城收费站出口广场,封闭式出口,36.969287926447905,116.68104984644657
159,G00033700500201010,齐河收费站入口广场,封闭式入口,36.837033,116.768321
160,G00033700500202010,齐河收费站出口广场,封闭式出口,36.837033,116.768321
161,G00033700500301010,齐河生态城入口收费广场,封闭式入口,36.749989470748645,116.85385675519045
162,G00033700500302020,齐河生态城出口收费广场,封闭式出口,36.74989505015718,116.85359200239894
163,G00033700500404010,禹城东收费广场,封闭式出+封闭式入,36.916695,116.705932
164,G00033700800101010,滕州收费站入口广场,封闭式入口,35.12725314813076,117.19083533969427
165,G00033700800101015,滕州收费站入口广场,封闭式入口,35.12725314813076,117.19083533969427
166,G00033700800102010,滕州收费站出口广场,封闭式出口,35.127252002290106,117.19062625619667
167,G00033700800102015,滕州收费站出口广场,封闭式出口,35.127252002290106,117.19062625619667
168,G00033700800201010,滕州南收费站入口广场,封闭式入口,34.998311063909725,117.22166501245427
169,G00033700800201016,滕州南收费站入口广场,封闭式入口,34.99831252225893,117.2216637349935
170,G00033700800202010,滕州南收费站出口广场,封闭式出口,34.99849065518947,117.2217124401088
171,G00033700800202016,滕州南收费站出口广场,封闭式出口,34.99849065518947,117.2217124401088
172,G00033700800301010,枣庄收费站入口广场,封闭式入口,34.80903028201408,117.29428441154215
173,G00033700800301017,枣庄收费站入口广场,封闭式入口,34.80903215973564,117.2943299523425
174,G00033700800302010,枣庄收费站出口广场,封闭式出口,34.808921274262914,117.29399484722295
175,G00033700800302017,枣庄收费站出口广场,封闭式出口,34.808921274262914,117.29399484722295
176,G00033700800401010,峄城收费站入口广场,封闭式入口,34.607747240477764,117.41332845186875
177,G00033700800401018,峄城收费站入口广场,封闭式入口,34.60775735868059,117.41335589433423
178,G00033700800402010,峄城收费站出口广场,封闭式出口,34.60781874695819,117.41320630587991
179,G00033700800402018,峄城收费站出口广场,封闭式出口,34.60781874695819,117.41320630587991
180,G00033700800501010,京台鲁苏收费站入口广场,,34.537152,117.424543
181,G00033700800501019,京台鲁苏收费站入口广场,,34.537152,117.424543
182,G00033700800502010,京台鲁苏收费站出口广场,,34.537152,117.424543
183,G00033700800604010,枣庄南入口收费广场,封闭式出+封闭式入,34.746280,117.310490
184,G00033700800604020,枣庄南出口收费广场,封闭式出+封闭式入,34.746135,117.310400
185,G00033700800704010,微山湖入口收费广场,封闭式出+封闭式入,34.714414,117.318940
186,G00033700800704020,微山湖出口收费广场,封闭式出+封闭式入,34.714481,117.318980
187,G00033700800804010,枣庄北入口收费广场,封闭式出+封闭式入,34.873901,117.267488
188,G00033700800804020,枣庄北出口收费广场,封闭式出+封闭式入,34.873871,117.267421
189,G00153700100101010,中桥收费站入口广场,封闭式入口,37.49733766454452,121.07109117434766
190,G00153700100102010,中桥收费站出口广场,封闭式出口,37.49743358304873,121.07100264272674
191,G00153700100201010,臧家庄收费站入口广场,封闭式入口,37.476983366457745,120.99520554157323
192,G00153700100202010,臧家庄收费站出口广场,封闭式出口,37.477069448750925,120.99513700470803
193,G00153700100301010,栖霞北收费站入口广场,封闭式入口,37.423447240323824,120.87777085989954
194,G00153700100302010,栖霞北收费站出口广场,封闭式出口,37.423508749279065,120.8775552005993
195,G00153700100401010,栖霞收费站入口广场,封闭式入口,37.316532893964634,120.76258480125807
196,G00153700100402010,栖霞收费站出口广场,封闭式出口,37.316541203777945,120.76238673094
197,G00153700100501010,栖霞南收费站入口广场,封闭式入口,37.19883907434871,120.67854207046764
198,G00153700100502010,栖霞南收费站出口广场,封闭式出口,37.19888836616272,120.67871461230959
199,G00153700100601010,莱阳收费站入口广场,封闭式入口,37.13548475802284,120.63043231530952
200,G00153700100602010,莱阳收费站出口广场,封闭式出口,37.135402649282426,120.63060617481813
201,G00153700200101010,河头店收费站入口广场,封闭式入口,37.02227497674245,120.56335247781337
202,G00153700200102010,河头店收费站出口广场,封闭式出口,37.02223999153459,120.56331666174374
203,G00153700300101010,牛溪埠入口收费广场,封闭式入口,36.840966117699665,120.42295135276133
204,G00153700300102020,牛溪埠出口收费广场,封闭式出口,36.84092184606108,120.42287033689318
205,G00153700300201010,院上入口收费广场,封闭式入口,36.76330085146016,120.34318816345818
206,G00153700300202020,院上出口收费广场,封闭式出口,36.763458971210355,120.34325055763192
207,G00153700400101010,仁兆入口收费广场,封闭式入口,36.62326541239143,120.19035687198922
208,G00153700400102020,仁兆出口收费广场,封闭式出口,36.62317772378499,120.19042685007462
209,G00153700400201010,南村入口收费广场,封闭式入口,36.555718231839464,120.11515712242088
210,G00153700400202020,南村出口收费广场,封闭式出口,36.55571841316717,120.11530360759161
211,G00153700500101010,沈海胶州入口收费广场,封闭式入口,36.24629367774344,119.95415937348193
212,G00153700500102020,沈海胶州出口收费广场,封闭式出口,36.24654273818892,119.95415689673717
213,G00153700500201010,九龙入口收费广场,封闭式入口,36.16681421651546,119.97806253647455
214,G00153700500202020,九龙出口收费广场,封闭式出口,36.16681715045601,119.97819948250864
215,G00153700500301010,王台入口收费广场,封闭式入口,36.08358288097902,119.98389896310597
216,G00153700500302020,王台出口收费广场,封闭式出口,36.083555219294055,119.98370071702504
217,G00153700600101010,铁山入口收费广场,封闭式入口,35.89043942442383,119.93966576420164
218,G00153700600102020,铁山出口收费广场,封闭式出口,35.89031802427476,119.9397863169995
219,G00153700600201010,泊里入口收费广场,封闭式入口,35.69892478216599,119.73467385426554
220,G00153700600202020,泊里出口收费广场,封闭式出口,35.69885961445168,119.73454086319396
221,G00153700600301010,大场入口收费广场,封闭式入口,35.64655658116844,119.63498897969498
222,G00153700600302020,大场出口收费广场,封闭式出口,35.64668148872836,119.63500331868633
223,G00153700700101010,日照北收费站入口广场,封闭式入口,35.477928525559406,119.47642126831909
224,G00153700700102010,日照北收费站出口广场,封闭式出口,35.4777005900458,119.47625596680867
225,G00153700700201010,日照南收费站入口广场,封闭式入口,35.281204533926484,119.35917583938655
226,G00153700700202010,日照南收费站出口广场,封闭式出口,35.28106826309035,119.35912477219576
227,G00153700700301010,岚山收费站入口广场,封闭式入口,35.13663265821266,119.2706125358197
228,G00153700700302010,岚山收费站出口广场,封闭式出口,35.13668636089797,119.27062392203102
229,G00153700700401010,鲁苏省界收费站入口广场,,35.119904,119.256318
230,G00153700700402010,鲁苏省界收费站出口广场,,35.119904,119.256318
231,G00153700700501010,日照港收费站入口广场,封闭式入口,35.37307156509384,119.41779021970915
232,G00153700700502010,日照港收费站出口广场,封闭式出口,35.37258384865656,119.41728897262149
233,G00153700800101010,莱山收费站入口广场,封闭式入口,37.4333055357025,121.41523061131186
234,G00153700800102010,莱山收费站出口广场,封闭式出口,37.433133366832976,121.41533654783808
235,G00153700800201010,杜家疃收费站入口广场,封闭式入口,37.437346670053046,121.36104198875678
236,G00153700800202010,杜家疃收费站出口广场,封闭式出口,37.4375561598942,121.36091094844055
237,G00153700800301010,崇义收费站入口广场,封闭式入口,37.46296924664233,121.2684092250639
238,G00153700800302010,崇义收费站出口广场,封闭式出口,37.463053387093964,121.26860820433787
239,G00153700800401010,东厅收费站入口广场,封闭式入口,37.4761274148195,121.2269977050773
240,G00153700800402010,东厅收费站出口广场,封闭式出口,37.47610475539551,121.22680865470954
241,G00153700800501010,古现收费站入口广场,封闭式入口,37.57393940270288,121.11121563859685
242,G00153700800502010,古现收费站出口广场,封闭式出口,37.57412776424485,121.11130974748342
243,G00153700800601010,八角收费站入口广场,封闭式入口,37.649912882280915,121.1025885905685
244,G00153700800602010,八角收费站出口广场,封闭式出口,37.65004804596366,121.1026619895332
245,G00153700800701010,福山收费站入口广场,封闭式入口,37.53091991433925,121.22030409609891
246,G00153700800702010,福山收费站出口广场,封闭式出口,37.53068037092392,121.22040651553164
247,G00153700800801010,烟台西港收费站入口广场,封闭式入口,37.66674039709889,121.1173387555215
248,G00153700800802010,烟台西港收费站出口广场,封闭式出口,37.66673753809857,121.11751936475072
249,G00153700900601010,日照机场收费站入口广场,封闭式入口,35.39554866372677,119.37292215050581
250,G00153700900602010,日照机场收费站出口广场,封闭式出口,35.39562980636241,119.3728571953364
251,G00183700100101010,荣成收费站入口广场,封闭式入口,37.078285586225405,122.33972975014531
252,G00183700100102010,荣成收费站出口广场,封闭式出口,37.07791697372717,122.34003714874774
253,G00183700100201010,荣成西收费站入口广场,封闭式入口,37.07758719375627,122.27939339384841
254,G00183700100202010,荣成西收费站出口广场,封闭式出口,37.077415707430774,122.27950007921514
255,G00183700100301010,文登南收费站入口广场,封闭式入口,37.06040863864817,122.15520136742661
256,G00183700100302010,文登南收费站出口广场,封闭式出口,37.06024414420811,122.1552742647812
257,G00183700100401010,南海新港收费站入口广场,封闭式入口,37.049262498529245,122.06613420015738
258,G00183700100402010,南海新港收费站出口广场,封闭式出口,37.04909451409017,122.0661717898989
259,G00183700200101010,双岛收费站入口广场,封闭式入口,37.47601572281336,121.97705682777985
260,G00183700200102010,双岛收费站出口广场,封闭式出口,37.47588698720803,121.97710201480143
261,G00183700200201010,北海收费站上行方向入口广场,封闭式入口,37.4671446985969,121.93642289698532
262,G00183700200201020,北海收费站下行方向入口广场,封闭式入口,37.4653121400473,121.93543584406784
263,G00183700200202010,北海收费站上行方向出口广场,封闭式出口,37.46781161187323,121.935603077707
264,G00183700200202020,北海收费站下行方向出口广场,封闭式出口,37.46468019611996,121.9337444827314
265,G00183700300101010,酒馆收费站入口广场,封闭式入口,37.450268315391114,121.8814245366383
266,G00183700300102010,酒馆收费站出口广场,封闭式出口,37.450201796321906,121.88123580745518
267,G00183700300201010,牟平东收费站入口广场,封闭式入口,37.43156830940447,121.68136621278917
268,G00183700300202010,牟平东收费站出口广场,封闭式出口,37.431536883283556,121.68134103396467
269,G00183700300301010,养马岛收费站上行方向入口广场,封闭式入口,37.42545786734928,121.59823686464436
270,G00183700300301020,养马岛收费站下行方向入口广场,封闭式入口,37.42001869696141,121.59866730821521
271,G00183700300302010,养马岛收费站上行方向出口广场,封闭式出口,37.42540851087715,121.59875366774246
272,G00183700300302020,养马岛收费站下行方向出口广场,封闭式出口,37.4200473349823,121.5980917722585
273,G00183700400101010,新河收费站入口广场,封闭式入口,36.94762372133977,119.6103675297608
274,G00183700400102010,新河收费站出口广场,封闭式出口,36.94774235829668,119.61031571869182
275,G00183700500101010,蓬莱收费站入口广场,封闭式入口,37.63439333573179,120.86431514540925
276,G00183700500102010,蓬莱收费站出口广场,封闭式出口,37.634552388744495,120.86436691488359
277,G00183700500201010,蓬莱西收费站入口广场,封闭式入口,37.63733489550907,120.69071981502088
278,G00183700500202010,蓬莱西收费站出口广场,封闭式出口,37.63739513657836,120.69055484064039
279,G00183700500301010,黄城收费站入口广场,封闭式入口,37.61650377965499,120.5002966610738
280,G00183700500302010,黄城收费站出口广场,封闭式出口,37.61629053243834,120.5004143815134
281,G00183700500401010,龙口收费站入口广场,封闭式入口,37.53918085645964,120.35059078653286
282,G00183700500402010,龙口收费站出口广场,封闭式出口,37.53930235784266,120.35071007443652
283,G00183700500501010,龙口港收费站入口广场,封闭式入口,37.59625778972497,120.3656556111646
284,G00183700500502010,龙口港收费站出口广场,封闭式出口,37.596195149043965,120.3660894082573
285,G00183700500601010,烟台机场收费站入口广场,封闭式入口,37.635463707686256,121.0063139864
286,G00183700500602010,烟台机场收费站出口广场,封闭式出口,37.635477096922344,121.00682418392765
287,G00183700600101010,招远收费站入口广场,封闭式入口,37.39645390265629,120.259200661904
288,G00183700600102010,招远收费站出口广场,封闭式出口,37.39631985497175,120.25927984281603
289,G00183700600201010,朱桥收费站入口广场,封闭式入口,37.285158405384166,120.1527764781408
290,G00183700600202010,朱桥收费站出口广场,封闭式出口,37.285221872940014,120.15274063876113
291,G00183700600301010,莱州东收费站入口广场,封闭式入口,37.2272478237839,120.06392584255883
292,G00183700600302010,莱州东收费站出口广场,封闭式出口,37.22732335437699,120.06388592269153
293,G00183700600401010,莱州收费站入口广场,封闭式入口,37.13361414195768,119.93500852228642
294,G00183700600402010,莱州收费站出口广场,封闭式出口,37.13337688941219,119.9351377776552
295,G00183700600501010,沙河收费站入口广场,封闭式入口,37.02161253421684,119.80390498793813
296,G00183700600502010,沙河收费站出口广场,封闭式出口,37.02162537181941,119.80403985786806
297,G00183700600601010,莱州港收费站入口广场,封闭式入口,37.37430585259354,120.00806704955367
298,G00183700600602010,莱州港收费站出口广场,封闭式出口,37.37434763772505,120.00811436933913
299,G00183700600701010,招远北收费站入口广场,封闭式入口,37.46420632196923,120.31069293564927
300,G00183700600702010,招远北收费站出口广场,封闭式出口,37.46398915108941,120.31063425100447
301,G00183700700101010,下营收费站入口广场,封闭式入口,36.959296192199986,119.4766145994174
302,G00183700700102010,下营收费站出口广场,封闭式出口,36.95941576775276,119.47656810100928
303,G00183700700201010,昌邑收费站入口广场,封闭式入口,36.958106856617505,119.39148531473255
304,G00183700700202010,昌邑收费站出口广场,封闭式出口,36.9579310241392,119.3914360563337
305,G00183700700301010,潍坊北收费站入口广场,封闭式入口,36.977647357371964,119.16495551348851
306,G00183700700302010,潍坊北收费站出口广场,封闭式出口,36.977761495408686,119.16467291679251
307,G00183700700401010,寿光东收费站入口广场,封闭式入口,37.01049662719936,118.97317872492188
308,G00183700700402010,寿光东收费站出口广场,封闭式出口,37.010593634079626,118.97325535364352
309,G00183700700501010,寿光北收费站入口广场,封闭式入口,37.0207416626495,118.86998540532349
310,G00183700700502010,寿光北收费站出口广场,封闭式出口,37.02094805574947,118.86999725327126
311,G00183700700601010,寿光西收费站入口广场,封闭式入口,37.07393486383312,118.71975864112189
312,G00183700700602010,寿光西收费站出口广场,封闭式出口,37.07385876713573,118.71964844630781
313,G00183700900101010,垦利北收费站入口广场,封闭式入口,37.575114980499364,118.61154435276127
314,G00183700900102010,垦利北收费站出口广场,封闭式出口,37.5750888554101,118.61138424416417
315,G00183701100101010,利津收费站入口广场,封闭式入口,37.70730113466027,118.36307538160433
316,G00183701100102010,利津收费站出口广场,封闭式出口,37.70718331312514,118.36303052739684
317,G00183701100201010,陈庄收费站入口广场,封闭式入口,37.70808396822173,118.50612297668644
318,G00183701100202010,陈庄收费站出口广场,封闭式出口,37.70821078499358,118.50636206607346
319,G00183701200101010,垦利入口广场,封闭式入口,37.5415312577348,118.59482283095201
320,G00183701200102010,垦利出口广场,封闭式出口,37.54174825780632,118.59495622823034
321,G00183701200201010,东营北入口广场,封闭式入口,37.468586504243234,118.60035679371386
322,G00183701200202010,东营北出口广场,封闭式出口,37.46859792289776,118.60058918740422
323,G00183701200301010,东营入口广场,封闭式入口,37.40217894630135,118.6012625865733
324,G00183701200302010,东营出口广场,封闭式出口,37.40232052002298,118.60154592261334
325,G00183701200401010,李庄入口广场,封闭式入口,37.245297886353995,118.59384532328099
326,G00183701200402010,李庄出口广场,封闭式出口,37.24530327165212,118.59368659939119
327,G00183701200501010,广饶入口广场,封闭式入口,37.042555409081615,118.5362749014196
328,G00183701200502010,广饶出口广场,封闭式出口,37.04253519955593,118.53645165411766
329,G00183701300101010,滨州收费站入口广场,封闭式入口,37.36395904379512,117.91464133888657
330,G00183701300102010,滨州收费站出口广场,封闭式出口,37.363869058912115,117.91490283106536
331,G00183701300201010,滨城收费站入口广场,封闭式入口,37.41419165656632,117.90635126831911
332,G00183701300202010,滨城收费站出口广场,封闭式出口,37.414100475938966,117.90649005412902
333,G00183701300301010,滨州北收费站入口广场,封闭式入口,37.49453744625987,117.91065927116395
334,G00183701300302010,滨州北收费站出口广场,封闭式出口,37.494578396772866,117.91047214975195
335,G00183701300401010,大高收费站入口广场,封闭式入口,37.60973717530629,117.85902429163264
336,G00183701300402010,大高收费站出口广场,封闭式出口,37.60989252038122,117.85916652694064
337,G00183701300501010,滨州南收费站入口广场,封闭式入口,37.30038165301018,117.93157297668648
338,G00183701300502010,滨州南收费站出口广场,封闭式出口,37.30026546582879,117.93158248772495
339,G00183701300601010,鲁北收费站入口广场,,38.037850,117.591946
340,G00183701300602010,鲁北收费站出口广场,,38.037850,117.591946
341,G00183701300701010,无棣收费站入口广场,封闭式入口,37.91203436301625,117.6621124710776
342,G00183701300702010,无棣收费站出口广场,封闭式出口,37.91193372965553,117.6621471419384
343,G00183701300801010,古城收费站入口广场,封闭式入口,37.69948710883848,117.83717692109776
344,G00183701300802010,古城收费站出口广场,封闭式出口,37.69938927077085,117.83706391150308
345,G00183701400101010,滨州港收费站入口广场,封闭式入口,37.73313290880344,117.90398134184282
346,G00183701400102010,滨州港收费站出口广场,封闭式出口,37.733323612078976,117.90395044019871
347,G00183701400201010,沾化西收费站入口广场,封闭式入口,37.73519796920813,118.07700304103723
348,G00183701400202010,沾化西收费站出口广场,封闭式出口,37.73536893066981,118.07707053826806
349,G00183701400301010,沾化东收费站入口广场,封闭式入口,37.7347444226353,118.1678659794315
350,G00183701400302010,沾化东收费站出口广场,封闭式出口,37.734946165456336,118.1677925302763
351,G00183701500101010,灰埠收费站入口广场,封闭式入口,36.98086603576746,119.71754210362866
352,G00183701500102010,灰埠收费站出口广场,封闭式出口,36.9809325804528,119.71759527019945
353,G00183701600101010,威海收费站收费入口广场,封闭式入口,37.29658168135147,122.1142365103162
354,G00183701600102010,威海收费站收费出口广场,封闭式出口,37.296455422660244,122.11429226827416
355,G00183701600201010,文登北收费站收费入口广场,封闭式入口,37.24895000000862,122.05883741468053
356,G00183701600201013,文登北收费站收费入口广场,封闭式入口,37.24895448724496,122.05883649310118
357,G00183701600202010,文登北收费站收费出口广场,封闭式出口,37.24875631381708,122.05911220732203
358,G00183701600202014,文登北收费站收费出口广场,封闭式出口,37.24875631381708,122.05911220732203
359,G00183701600301010,文登收费站收费入口广场,封闭式入口,37.1682230268291,122.00742891560779
360,G00183701600301015,文登收费站收费入口广场,封闭式入口,37.16824403596068,122.00740294508556
361,G00183701600302010,文登收费站收费出口广场,封闭式出口,37.16804042012646,122.0074754789736
362,G00183701600302016,文登收费站收费出口广场,封闭式出口,37.16804042012646,122.0074754789736
363,G00183701600401010,威海南海收费站收费入口广场,封闭式入口,37.05711014049736,121.90672753663826
364,G00183701600401017,威海南海收费站收费入口广场,封闭式入口,37.057108680664044,121.90673070090413
365,G00183701600402010,威海南海收费站收费出口广场,封闭式出口,37.05701807845986,121.90697465910581
366,G00183701600402018,威海南海收费站收费出口广场,封闭式出口,37.05701807845986,121.90697465910581
367,G00183701600501010,南黄收费站收费入口广场,封闭式入口,36.96908457169077,121.79398011957615
368,G00183701600501019,南黄收费站收费入口广场,封闭式入口,36.96908229677682,121.79397301828747
369,G00183701600502010,南黄收费站收费出口广场,封闭式出口,36.96896863115427,121.79394805842101
370,G00183701600601010,乳山东收费站收费入口广场,封闭式入口,36.910890286299775,121.59272139017021
371,G00183701600602010,乳山东收费站收费出口广场,封闭式出口,36.91077232635084,121.59272160495578
372,G00203700100101010,峡山收费站入口广场,封闭式入口,36.631698399006666,119.47136606096485
373,G00203700100102010,峡山收费站出口广场,封闭式出口,36.63157482823084,119.47101434693721
374,G00203700100201010,高密收费站辅站入口广场,封闭式入口,36.46647628846608,119.78742055395449
375,G00203700100202010,高密收费站辅站出口广场,封闭式出口,36.46653709323451,119.7875440117358
376,G00203700100301010,胶州收费站入口广场,封闭式入口,36.406614092103084,119.98913763558195
377,G00203700100302010,胶州收费站出口广场,封闭式出口,36.40631028799909,119.98899818007366
378,G00203700100401010,蓝村收费站辅站入口广场,封闭式入口,36.42322746663949,120.176131684021
379,G00203700100402010,蓝村收费站辅站出口广场,封闭式出口,36.42334629990242,120.17617649996457
380,G00203700100501010,即墨收费站辅站入口广场,,36.223523,120.172323
381,G00203700100502010,即墨收费站辅站出口广场,,36.223523,120.172323
382,G00203700100601010,青岛收费站入口广场,,36.515300,117.300500
383,G00203700100602010,青岛收费站出口广场,,36.515300,117.300500
384,G00203700100701010,高密西出口收费广场,封闭式入口,36.51949060447082,119.65780238507695
385,G00203700100702020,高密西入口收费广场,封闭式出口,36.519499834417616,119.65789784848337
386,G00203700100801010,青岛站入口收费广场,封闭式入口,36.389088722387996,120.28291002730161
387,G00203700100802020,青岛站出口收费广场,封闭式出口,36.388786434293834,120.28247112040167
388,G00203700300101010,青州西收费站入口广场,封闭式入口,36.81360326260392,118.50044887457051
389,G00203700300102010,青州西收费站出口广场,封闭式出口,36.81374964976034,118.5004347607852
390,G00203700300201010,青州东收费站入口广场,封闭式入口,36.78685931757377,118.6204972229914
391,G00203700300202010,青州东收费站出口广场,封闭式出口,36.78681917708728,118.62058450881455
392,G00203700300301010,寿光收费站辅站入口广场,封闭式入口,36.76313991736524,118.72857463273715
393,G00203700300302010,寿光收费站辅站出口广场,封闭式出口,36.76305543715176,118.72874892442256
394,G00203700300401010,昌乐收费站辅站入口广场,封闭式入口,36.75706918846758,118.85420770173829
395,G00203700300402010,昌乐收费站辅站出口广场,封闭式出口,36.757217014799295,118.85428684176101
396,G00203700300501010,潍坊西收费站入口广场,封闭式入口,36.747426018679946,119.03443123671762
397,G00203700300502010,潍坊西收费站出口广场,封闭式出口,36.74717946435898,119.03436681589316
398,G00203700300601010,潍坊收费站辅站入口广场,封闭式入口,36.74931338607283,119.16295373861537
399,G00203700300602010,潍坊收费站辅站出口广场,封闭式出口,36.74915725424678,119.16286340782925
400,G00203700300701010,潍坊东收费站辅站入口广场,封闭式入口,36.715441308369506,119.24576416078752
401,G00203700300702010,潍坊东收费站辅站出口广场,封闭式出口,36.71520023577952,119.24570854117262
402,G00203700500101010,邹平东入口收费广场,封闭式入口,36.85579533147687,117.81859333026705
403,G00203700500102010,邹平东出口收费广场,封闭式出口,36.85598286846263,117.81864440377771
404,G00203700500201010,周村收费站入口广场,封闭式入口,36.85668809559674,117.87206556838639
405,G00203700500202010,周村收费站出口广场,封闭式出口,36.85672246033148,117.87200140641404
406,G00203700500301010,淄博收费站入口广场,封闭式入口,36.85962817583963,118.08016074333756
407,G00203700500302010,淄博收费站出口广场,封闭式出口,36.8593289600594,118.08037961285606
408,G00203700500401010,临淄收费站入口广场,封闭式入口,36.85314684708679,118.30259034450451
409,G00203700500402010,临淄收费站出口广场,封闭式出口,36.852515363663244,118.30244300972085
410,G00203700500501010,邹平西入口收费广场,封闭式入口,36.88298154251562,117.69276954700331
411,G00203700500502020,邹平西出口收费广场,封闭式出口,36.88305198563947,117.69277939957652
412,G00203700500601010,淄博高新区入口收费广场,封闭式入口,36.85663485903464,118.1351858829053
413,G00203700500602020,淄博高新区出口收费广场,封闭式出口,36.856585575188774,118.13502385188647
414,G00203700500701010,临淄东入口收费广场,封闭式入口,36.83361130320007,118.3988892061863
415,G00203700500702020,临淄东出口收费广场,封闭式出口,36.834110114672455,118.39856953218566
416,G00203700600101010,济南收费站内外广场（主站）,封闭式入口,36.73068115920394,117.04788042961545
417,G00203700600102010,济南收费站内外广场（副站）,封闭式出口,36.72486020355886,117.03669591960131
418,G00203700600301010,章丘入口收费广场,封闭式入口,36.856014503095395,117.49774507653437
419,G00203700600302010,章丘出口收费广场,封闭式出口,36.85569586576642,117.49779406180204
420,G00203700600401010,章丘西入口收费广场,封闭式入口,36.822528276360515,117.41899170853114
421,G00203700600402020,章丘西出口收费广场,封闭式出口,36.82237163096116,117.41900342921868
422,G00203700600501010,临港入口收费广场,封闭式入口,36.780043797256454,117.2438143088971
423,G00203700600502020,临港出口收费广场,封闭式出口,36.78011709018183,117.24380226828856
424,G00203700600601010,东客站入口收费广场,封闭式入口,36.75945879349861,117.14116382235366
425,G00203700600602020,东客站出口收费广场,封闭式出口,36.75945819699649,117.14123164396547
426,G00203700700101010,禹城南收费站入口广场,封闭式入口,36.87394327884789,116.6513486414352
427,G00203700700102010,禹城南收费站出口广场,封闭式出口,36.87383864845573,116.65137818199112
428,G00203700700201010,高唐东收费站入口广场,封闭式入口,36.89860503066045,116.37715567334718
429,G00203700700202010,高唐东收费站出口广场,封闭式出口,36.89849993371807,116.37712063329828
430,G00203700700301010,高唐收费站入口广场,封闭式入口,36.91577215173484,116.23397854206439
431,G00203700700302010,高唐收费站出口广场,封闭式出口,36.91566722823103,116.23390993083616
432,G00203700700401010,夏津收费站入口广场,封闭式入口,37.00403981360073,116.01934706683224
433,G00203700700402010,夏津收费站出口广场,封闭式出口,37.004109736394895,116.01923527562347
434,G00203700700501010,青银鲁冀收费站入口广场,,37.370000,115.505200
435,G00203700700504010,青银鲁冀收费站出口广场,,37.370000,115.505200
436,G00223700100101010,孟疃收费站入口广场,封闭式入口,36.04628790405282,119.05620844892405
437,G00223700100102010,孟疃收费站出口广场,封闭式出口,36.04611606188941,119.0561073801234
438,G00223700100201010,诸城西收费站入口广场,封闭式入口,36.057682668665805,119.21716368802639
439,G00223700100202010,诸城西收费站出口广场,封闭式出口,36.05781029715759,119.21699759558092
440,G00223700100301010,诸城收费站入口广场,封闭式入口,36.07977642910812,119.40226160647909
441,G00223700100302010,诸城收费站出口广场,封闭式出口,36.07948618473773,119.40215563892943
442,G00223700100401010,诸城东收费站入口广场,封闭式入口,36.06626032399299,119.47657383955034
443,G00223700100402010,诸城东收费站出口广场,封闭式出口,36.06639762858879,119.47652608917606
444,G00223700100501010,辛兴收费站入口广场,封闭式入口,36.06020834947185,119.58978119537002
445,G00223700100502010,辛兴收费站出口广场,封闭式出口,36.06038555153526,119.58979702296035
446,G00223700200101010,诸葛收费站入口广场,封闭式入口,36.03391726741263,118.54891962946509
447,G00223700200102010,诸葛收费站出口广场,封闭式出口,36.03405444226155,118.54881052297802
448,G00223700200201010,杨庄收费站入口广场,封闭式入口,36.03792079463237,118.86715178131641
449,G00223700200202010,杨庄收费站出口广场,封闭式出口,36.03811730944324,118.86721566791977
450,G00223700300101010,鲁村收费站入口广场,封闭式入口,36.1949100822885,117.9885190549619
451,G00223700300102010,鲁村收费站出口广场,封闭式出口,36.19491159148953,117.98836711786677
452,G00223700300201010,沂源收费站入口广场,封闭式入口,36.15564780666669,118.13313883432386
453,G00223700300202010,沂源收费站出口广场,封闭式出口,36.15573871605352,118.13334054721486
454,G00223700300301010,沂源东收费站入口广场,封闭式入口,36.18001708249432,118.23593419537002
455,G00223700300302010,沂源东收费站出口广场,封闭式出口,36.18008916857845,118.23610594990083
456,G00223700300401010,张家坡收费站入口广场,封闭式入口,36.08065902010563,118.42920336157319
457,G00223700300402010,张家坡收费站出口广场,封闭式出口,36.08078909835173,118.42918969688125
458,G00223700400101010,辛庄收费站入口广场,封闭式入口,36.23661935606577,117.82873465942255
459,G00223700400102010,辛庄收费站出口广场,封闭式出口,36.23689039160017,117.82892092869936
460,G00223700500401010,青岛西外广场,封闭式入口,36.24011573426773,120.34072104754858
461,G00223700500402010,青岛西内广场,封闭式出口,36.239754198802686,120.34071559449701
462,G00223700500501010,青岛高新主站外广场,封闭式入口,36.23167585958008,120.2574403271663
463,G00223700500501030,青岛高新分站外广场,封闭式入口,36.23166997441393,120.2574421998036
464,G00223700500502010,青岛高新主站内广场,封闭式出口,36.23164062071638,120.25732244342741
465,G00223700500502040,青岛高新分站内广场,封闭式出口,36.23164753744288,120.25732299047766
466,G00223700500601010,河套主站外广场,封闭式入口,36.23955079761636,120.16274924462492
467,G00223700500601030,河套分站外广场,封闭式入口,36.24302391,120.17578492
468,G00223700500602010,河套主站内广场,封闭式出口,36.239496409367135,120.16266569545742
469,G00223700500602040,河套分站内广场,封闭式出口,36.24273444128899,120.16444587140658
470,G00223700500701010,营海主站外广场,封闭式入口,36.226053376338285,120.07494976997313
471,G00223700500702010,营海主站内广场,封闭式出口,36.226212051541964,120.07509384213384
472,G00223700500702030,营海分站内广场,封闭式出口,36.226210475610486,120.07509389715474
473,G00223700500801010,红石崖主站外广场,封闭式入口,36.08816952034182,120.070345383168
474,G00223700500801030,红石崖分站外广场,封闭式入口,36.09091815406704,120.07279673445869
475,G00223700500802010,红石崖主站内广场,封闭式出口,36.08841650353307,120.07034682543062
476,G00223700500802040,红石崖分站内广场,封闭式出口,36.08842309929544,120.0703449120334
477,G00223700501001010,黄岛东外广场,封闭式入口,36.06567346709001,120.14475067130077
478,G00223700501002010,黄岛东内广场,封闭式出口,36.06539427325954,120.14453116576273
479,G00223700600101010,里岔收费站入口广场,封闭式入口,36.051508416389765,119.79751242838734
480,G00223700600102010,里岔收费站入口广场,封闭式出口,36.05162926856218,119.79746338697362
481,G00223700600201010,黄山收费站入口广场,封闭式入口,36.046134941142185,119.99737314960275
482,G00223700600202010,黄山收费站出口广场,封闭式出口,36.046278653033,119.99730326218017
483,G00223700700101010,岱岳入口收费广场,封闭式入口,36.13994279,116.97649575
484,G00223700700102020,岱岳出口收费广场,封闭式出口,36.13987575832904,116.97646167574868
485,G00223700700201010,肥城南入口收费广场,封闭式入口,36.121569,116.77983689
486,G00223700700202020,肥城南出口收费广场,封闭式出口,36.121499986889404,116.77983651017867
487,G00223700700301010,桃园入口收费广场,封闭式入口,36.12807285,116.62466393
488,G00223700700302020,桃园出口收费广场,封闭式出口,36.128197487041916,116.62473632308554
489,G00223700700401010,肥城西入口收费广场,封闭式入口,36.14001905,116.57057672
490,G00223700700402020,肥城西出口收费广场,封闭式出口,36.140073171705296,116.5706035538096
491,G00223700700501010,平阴孔村入口收费广场,封闭式入口,36.158925610000004,116.47491078
492,G00223700700502020,平阴孔村出口收费广场,封闭式出口,36.158972811857765,116.47481061881496
493,G00223700700601010,平阴玫瑰入口收费广场,封闭式入口,36.22303252,116.34785434
494,G00223700700602020,平阴玫瑰出口收费广场,封闭式出口,36.22307816973043,116.34789870045428
495,G00223700700701010,泰肥收费站入口外广场,封闭式入口,36.15175509,117.02941921
496,G00223700700702010,泰肥收费站出口内广场,封闭式出口,36.15188329147904,117.02950357346903
497,G00223700800104010,东阿收费站广场,封闭式出+封闭式入,36.293128790000004,116.2132601
498,G00223700800204010,李海务收费站广场,封闭式出+封闭式入,36.317621450000004,116.01154026
499,G00223700800304010,朱老庄收费站广场,封闭式出+封闭式入,36.34420477,115.93401985
500,G00223700800404010,河店收费站广场,封闭式出+封闭式入,36.360409950000005,115.69251891
501,G00223700800504010,魏庄收费站广场,封闭式出+封闭式入,36.34144972,115.57191684
502,G00223700800604010,青兰鲁冀收费站广场,,36.331497,115.335566
503,G00223700900101010,钢城西收费站入口广场,封闭式入口,36.138630,117.699766
504,G00223700900102010,钢城西收费站出口广场,封闭式出口,36.138630,117.699766
505,G00223700900201010,高庄收费站入口广场,封闭式入口,36.160093,117.593491
506,G00223700900202010,高庄收费站出口广场,封闭式出口,36.160093,117.593491
507,G00223701000101010,角峪收费站入口广场,封闭式入口,36.157292,117.435066
508,G00223701000102010,角峪收费站出口广场,封闭式出口,36.157292,117.435066
509,G00223701000201010,泰安东收费站入口广场,封闭式入口,36.148736,117.171300
510,G00223701000202010,泰安东收费站出口广场,封闭式出口,36.148736,117.171300
511,G00223701000301010,泰安南（主站）收费站入口广场,封闭式入口,36.144530,117.098124
512,G00223701000301020,泰安南（辅站）收费站入口广场,封闭式入口,36.144530,117.098124
513,G00223701000302010,泰安南（主站）收费站出口广场,封闭式出口,36.144530,117.098124
514,G00223701000302020,泰安南（辅站）收费站出口广场,封闭式出口,36.144530,117.098124
515,G00253700100101010,大王入口广场,封闭式入口,36.97528076,118.54111029
516,G00253700100102010,大王出口广场,封闭式出口,36.975275827120555,118.5407863468635
517,G00253700100201010,阳河入口广场,封闭式入口,36.91721381,118.54736815999999
518,G00253700100202010,阳河出口广场,封闭式出口,36.917115347401165,118.54736423826165
519,G00253700100401010,何官主站入口收费广场,封闭式入口,36.82587003041637,118.55152257928538
520,G00253700100401030,何官辅站入口收费广场,封闭式入口,36.82610006626949,118.5439472453166
521,G00253700100402020,何官主站出口收费广场,封闭式出口,36.82581232187516,118.55152334347537
522,G00253700100402040,何官辅站出口收费广场,封闭式出口,36.82614918076325,118.54396195213612
523,G00253700200101010,青州北收费站入口广场,封闭式入口,36.78180655,118.53911206
524,G00253700200102010,青州北收费站出口广场,封闭式出口,36.78197066044969,118.53903200520743
525,G00253700200201010,青州收费站入口广场,封闭式入口,36.72419741056517,118.57399452776623
526,G00253700200202010,青州收费站出口广场,封闭式出口,36.72408368868122,118.57376763121283
527,G00253700200301010,青州南收费站入口广场,封闭式入口,36.62352918,118.59378309
528,G00253700200302010,青州南收费站出口广场,封闭式出口,36.62350175857755,118.59407938264562
529,G00253700200401010,临朐收费站入口广场,封闭式入口,36.51520155,118.62018229
530,G00253700200402010,临朐收费站出口广场,封闭式出口,36.51531110163623,118.61993262858233
531,G00253700200501010,临朐南站入口广场,封闭式入口,36.41935526,118.64239136
532,G00253700200502010,临朐南站出口广场,封闭式出口,36.41939940643756,118.64261343876302
533,G00253700200601010,沂山收费站入口广场,封闭式入口,36.24669189,118.71335259
534,G00253700200602010,沂山收费站出口广场,封闭式出口,36.24677830261773,118.71349436907795
535,G00253700300101010,沂水北收费站入口广场,封闭式入口,35.98602674,118.72258056
536,G00253700300102010,沂水北收费站出口广场,封闭式出口,35.98625329014554,118.72256607106434
537,G00253700300201010,沂水收费站入口广场,封闭式入口,35.80462456,118.67339084
538,G00253700300202010,沂水收费站出口广场,封闭式出口,35.804823971665655,118.6733578400245
539,G00253700300301010,沂水南收费站入口广场,封闭式入口,35.695815700000004,118.69829101
540,G00253700300302010,沂水南收费站出口广场,封闭式出口,35.695859266898466,118.6985349331123
541,G00253700300401010,沂南北收费站入口广场,封闭式入口,35.58744958,118.66479214
542,G00253700300402010,沂南北收费站出口广场,封闭式出口,35.58744017810247,118.66461582215265
543,G00253700300501010,沂南东收费站入口广场,封闭式入口,35.505685220000004,118.64757838999999
544,G00253700300502010,沂南东收费站出口广场,封闭式出口,35.50582979035114,118.64763334738682
545,G00253700400101010,河东收费站入口广场,封闭式入口,35.231773000000004,118.62529405000001
546,G00253700400102010,河东收费站出口广场,封闭式出口,35.231896879819146,118.62544928362153
547,G00253700400201010,临沂东收费站入口广场,封闭式入口,35.12360026,118.60493516000001
548,G00253700400202010,临沂东收费站出口广场,封闭式出口,35.123861655987255,118.60471547660013
549,G00253700400301010,临沭北收费站入口广场,封闭式入口,35.04457845,118.66828233
550,G00253700400302010,临沭北收费站出口广场,封闭式出口,35.04437354723474,118.66816400496775
551,G00253700400401010,临沭收费站入口广场,封闭式入口,34.91725314,118.73979519000001
552,G00253700400402010,临沭收费站出口广场,封闭式出口,34.917428941251146,118.73974965974655
553,G00253700400501010,长深鲁苏省界收费站入口广场,,34.877186,118.796747
554,G00253700400502020,长深鲁苏省界收费站出口广场,,34.877186,118.796747
555,G00253700500101010,博兴收费站入口广场,封闭式入口,37.23124339,118.08796083
556,G00253700500102020,博兴收费站出口广场,封闭式出口,37.23118087527156,118.08796094238525
557,G00253700500201010,博兴北收费站入口广场,封闭式入口,37.237917270000004,118.22097744
558,G00253700500202020,博兴北收费站出口广场,封闭式出口,37.238015102750055,118.22093072878856
559,G00253700500301010,广饶西收费站入口广场,封闭式入口,37.22940538,118.41655177
560,G00253700500302020,广饶西收费站出口广场,封闭式出口,37.22948067518723,118.41656786168534
561,G00353700100101010,长清入口广场,封闭式入口,36.48164171,116.72801459
562,G00353700100102010,长清出口广场,封闭式出口,36.48158164675158,116.72807728828035
563,G00353700100201010,孝里入口广场,封闭式入口,36.38667046,116.6382175
564,G00353700100202010,孝里出口广场,封闭式出口,36.38674829435996,116.6382647051355
565,G00353700100301010,平阴入口广场,封闭式入口,36.27679199,116.48180338
566,G00353700100302010,平阴出口广场,封闭式出口,36.27689877277709,116.48203412609762
567,G00353700100401010,平阴南入口广场,封闭式入口,36.1008808,116.44586208
568,G00353700100402010,平阴南出口广场,封闭式出口,36.100819517929224,116.44584536550785
569,G00353700100501010,东平入口广场,封闭式入口,35.93021945,116.41510362
570,G00353700100502010,东平出口广场,封闭式出口,35.930061380953276,116.41482234319328
571,G00353700100601010,梁山入口广场,封闭式入口,35.68425428,116.222260699999
572,G00353700100602010,梁山出口广场,封闭式出口,35.68445341384654,116.22210527182375
573,G00353700100701010,嘉祥西入口广场,封闭式入口,35.610171709999996,116.142076
574,G00353700100702010,嘉祥西出口广场,封闭式出口,35.61030681668993,116.14199705848338
575,G00353700100801010,长清大学城入口广场,封闭式入口,0.000000,0.000000
576,G00353700100802010,长清大学城出口广场,封闭式出口,0.000000,0.000000
577,G00353700200101010,菏泽新北入口广场,封闭式入口,35.27844563,115.66407606
578,G00353700200102020,菏泽新北出口广场,封闭式出口,35.27852492266095,115.66388002920836
579,G00353700200201010,菏泽新东入口广场,封闭式入口,35.21525716,115.6645657
580,G00353700200202020,菏泽新东出口广场,封闭式出口,35.21527068405207,115.66470441960156
581,G00353700200301010,定陶入口广场,封闭式入口,35.03547417,115.64340874
582,G00353700200302020,定陶出口广场,封闭式出口,35.03545536941898,115.64362961865196
583,G00353700200401010,古营集入口广场,封闭式入口,34.938491479999996,115.64139377
584,G00353700200402020,古营集出口广场,封闭式出口,34.93845408099125,115.64121705423435
585,G00353700200501010,曹县入口广场,封闭式入口,34.77872775,115.64824462
586,G00353700200502020,曹县出口广场,封闭式出口,34.77883158563415,115.64808657962402
587,G00353700200601010,仵楼入口广场,封闭式入口,34.61231255,115.67236762
588,G00353700200602020,仵楼出口广场,封闭式出口,34.61227804865051,115.6723753611979
589,G00353700200701010,济广鲁豫入口广场,,34.332190,115.410240
590,G00353700200701020,济广鲁豫出口广场,,34.332190,115.410240
591,G00353700300101010,郓城南收费站入口广场,封闭式入口,35.458377,116.037845
592,G00353700300102010,郓城南收费站出口广场,封闭式出口,35.458401,116.037462
593,G00353700300102020,郓城南收费站出口广场,,35.45842262749635,116.03745658266882
594,G00353700300201010,郓城收费站入口广场,封闭式入口,35.414239,115.835490
595,G00353700300202010,郓城收费站出口广场,封闭式出口,35.414132,115.835640
596,G00353700300301010,菏泽东收费站入口广场,封闭式入口,35.29070882,115.57400851
597,G00353700300302010,菏泽东收费站出口广场,封闭式出口,35.29081625766817,115.57386212369369
598,G00353700300401010,菏泽收费站入口广场,封闭式入口,35.28983615,115.51416259
599,G00353700300402010,菏泽收费站出口广场,封闭式出口,35.28999522463812,115.51416942579938
600,G00353700300501010,菏泽西收费站入口广场,封闭式入口,35.29117268,115.41541558
601,G00353700300502010,菏泽西收费站出口广场,封闭式出口,35.29113375088231,115.41543406935743
602,G00353700300601010,东明收费站入口广场,封闭式入口,35.30734752403964,115.13052015398047
603,G00353700300602010,东明收费站出口广场,封闭式出口,35.307515465034754,115.13057763776787
604,G00353700400101010,郓城南收费站入口广场,封闭式入口,35.458465,116.037878
605,G00353700400102020,郓城南收费站出口广场,封闭式出口,35.458465,116.037878
606,G00353700400201010,郓城收费站入口广场,封闭式入口,35.413324,115.834856
607,G00353700400202020,郓城收费站出口广场,封闭式出口,35.413324,115.834856
608,G003W3700100104010,出入口收费广场,封闭式出+封闭式入,115.569802,35.860064
609,G003W3700200101020,德商鲁冀入口,,37.37395301395868,116.0391630847605
610,G003W3700200102010,德商鲁冀出口,,37.34739924050094,116.03462745104386
611,G003W3700200201080,武城西入口,封闭式入口,37.200498089999996,116.01706819
612,G003W3700200202070,武城西出口,封闭式出口,37.200472725503815,116.01723039581404
613,G003W3700200301060,武城北入口,封闭式入口,37.342046839655694,116.08753565474117
614,G003W3700200302050,武城北出口,封闭式出口,37.342057420673626,116.08743254593715
615,G003W3700200401040,武城东入口,封闭式入口,37.33453383797922,116.2749952300022
616,G003W3700200402030,武城东出口,封闭式出口,37.334385540906936,116.27496595875085
617,G003W3700200501010,四女寺入口收费广场,封闭式入口,37.34663811114923,116.22327711603265
618,G003W3700200502020,四女寺出口收费广场,封闭式出口,37.34665591238128,116.22323447591616
619,G003W3700300101020,聊城北入口收费广场,封闭式入口,36.63915221717282,115.8600846627881
620,G003W3700300102010,聊城北出口收费广场,封闭式出口,36.63899471654608,115.86028620008085
621,G003W3700300201040,临清东入口收费广场,封闭式入口,36.79960921933716,115.89475176034622
622,G003W3700300202030,临清东出口收费广场,封闭式出口,36.79956457897737,115.89496265347863
623,G003W3700300301050,夏津西入口收费广场,封闭式入口,36.96790800020261,115.94133097668646
624,G003W3700300302060,夏津西出口收费广场,封闭式出口,36.96798179820938,115.94102717827354
625,G003W3700400101010,聊城南收费站入口广场,封闭式入口,36.39360102268648,115.87936083095202
626,G003W3700400102010,聊城南收费站出口广场,封闭式出口,36.39329080041634,115.87946949015705
627,G003W3700400201010,莘县北收费站入口广场,封闭式入口,36.26858358404391,115.75121822951657
628,G003W3700400202010,莘县北收费站出口广场,封闭式出口,36.26866876414344,115.75092828515578
629,G003W3700400301010,莘县收费站入口广场,封闭式入口,36.19217578352156,115.70421491547597
630,G003W3700400302010,莘县收费站出口广场,封闭式出口,36.19201606851625,115.70432734581294
631,G003W3700400401010,莘县南收费站入口广场,封闭式入口,36.08527038434454,115.65014413415953
632,G003W3700400402010,莘县南收费站出口广场,封闭式出口,36.08525065512384,115.64989201802655
633,G003W3700400501010,莘县古城收费站入口广场,封闭式入口,35.932560782806064,115.61028420702677
634,G003W3700400502010,莘县古城收费站出口广场,封闭式出口,35.932557809694956,115.61009506838694
635,G003W3700400601010,德商鲁豫收费站入口广场,,35.818358,115.536047
636,G003W3700400602010,德商鲁豫收费站出口广场,,35.818358,115.536047
637,G003W3700400701010,聊城西收费站入口广场,封闭式入口,36.46564689377827,115.90069106896769
638,G003W3700400702010,聊城西收费站出口广场,封闭式出口,36.46570063468954,115.90047976600334
639,G003W3700600101010,鄄城北入口广场,封闭式入口,35.67818325276184,115.55037784962958
640,G003W3700600102010,鄄城北出口广场,封闭式出口,35.67824603035132,115.55053528674087
641,G003W3700600201010,鄄城入口广场,封闭式入口,35.55110180088366,115.59626370552255
642,G003W3700600202010,鄄城出口广场,封闭式出口,35.55126429910932,115.596445033733
643,G003W3700600301010,鄄城南入口广场,封闭式入口,35.450963815039785,115.63383712242091
644,G003W3700600302010,鄄城南出口广场,封闭式出口,35.450733805012504,115.63396208338976
645,G003W3700600401010,菏泽北入口广场,封闭式入口,35.377192562581016,115.63743926831911
646,G003W3700600402010,菏泽北出口广场,封闭式出口,35.37705931192828,115.63708164743407
647,G01043700100103010,泰曲路收费站,开放式,35.93340026682972,117.08437476338817
648,G01043700100103020,泰曲路收费站,开放式,35.93339906031261,117.08426747502757
649,G01113700100101010,无棣埕口收费站入口广场,封闭式入口,38.149247,117.791609
650,G01113700100102010,无棣埕口收费站出口广场,封闭式出口,38.149247,117.791609
651,G01113700100201010,滨港收费站入口广场,封闭式入口,38.046879,117.815710
652,G01113700100202010,滨港收费站出口广场,封闭式出口,38.046879,117.815710
653,G01113700100301010,无棣西小王收费站入口广场,封闭式入口,37.885613,117.911951
654,G01113700100302010,无棣西小王收费站出口广场,封闭式出口,37.885613,117.911951
655,G01113700100401010,沾化北收费站入口广场,封闭式入口,37.811244,117.982724
656,G01113700100402010,沾化北收费站出口广场,封闭式出口,37.811244,117.982724
657,G02053700100103010,滨州市黄河公铁大桥收费广场,开放式,37.33025312,118.08361408
658,G02053700100103020,滨州市黄河公铁大桥收费广场,开放式,37.33052611,118.08321443
659,G02053700200103010,临沂市玉平沂河大桥收费站,开放式,35.24360633,118.48296856
660,G02053700200103020,临沂市玉平沂河大桥收费站,开放式,35.24378062,118.48300365
661,G02063700100103010,国道206莱州收费站,开放式,37.12558983176038,119.86072202446529
662,G02063700100103020,国道206莱州收费站,开放式,37.12575616434974,119.86069520237513
663,G02203700100103010,利津黄河公路大桥收费站广场,开放式,37.48682610705258,118.25914827731856
664,G02203700100103020,利津黄河公路大桥收费站广场,开放式,37.48688059190604,118.25912681964644
665,G03083700100103010,东广场,开放式,36.93516578,117.18318143
666,G03083700100103020,西广场,开放式,36.93503919,117.18314124
667,G03093700100103010,济南建邦黄河公路大桥收费站北收费广场,开放式,36.75049654045941,116.93257007056424
668,G03093700100103020,济南建邦黄河公路大桥收费站南收费广场,开放式,36.7505315631504,116.93288001468069
669,G03093700200104010,济泺路穿黄隧道收费站广场,封闭式出+封闭式入,36.751111,116.988056
670,G03213700700101010,王律庄收费站入口广场,封闭式入口,37.311918,116.379671
671,G03213700700102010,王律庄收费站出口广场,封闭式出口,37.311918,116.379671
672,G03213700900101010,巨野西收费站入口广场,封闭式入口,35.38573196804366,116.01640573176273
673,G03213700900102020,巨野西收费站出口广场,封闭式出口,35.385687387199624,116.01643870220964
674,G03213700900201010,章缝收费站入口广场,封闭式入口,35.24095678092185,116.03203013415956
675,G03213700900202020,章缝收费站出口广场,封闭式出口,35.24097101933698,116.0321049375529
676,G03213700900301010,大田集收费站入口广场,封闭式入口,35.07221778046696,116.00991220702677
677,G03213700900302020,大田集收费站出口广场,封闭式出口,35.07222134163193,116.01001235821026
678,G03213700900401010,成武东收费站入口广场,封闭式入口,34.97458853846666,115.98892406121047
679,G03213700900402020,成武东收费站出口广场,封闭式出口,34.974194555015174,115.98886842203196
680,G03213700900501010,单县北收费站入口广场,封闭式入口,34.84380766040353,116.02714098834326
681,G03213700900502020,单县北收费站出口广场,封闭式出口,34.84385073726823,116.02710918448916
682,G03213700900601010,单县南收费站入口广场,封闭式入口,34.73675677956834,116.05952813415958
683,G03213700900602020,单县南收费站出口广场,封闭式出口,34.73670971660029,116.05949090639557
684,G03213700900701010,龙王庙收费站入口广场,封闭式入口,34.67297766177134,116.20666727989402
685,G03213700900702020,龙王庙收费站出口广场,封闭式出口,34.67307759322786,116.20668498970294
686,G15113700100101010,日照收费站入口广场,封闭式入口,35.41170840460815,119.42666927989401
687,G15113700100102010,日照收费站出口广场,封闭式出口,35.411423803900675,119.42668320895338
688,G15113700100201010,西湖收费站入口广场,封闭式入口,35.49214090807919,119.22924198834325
689,G15113700100202010,西湖收费站出口广场,封闭式出口,35.49226779685175,119.22922464654457
690,G15113700100301010,莒县东收费站入口广场,封闭式入口,35.45678452935488,118.83119491547598
691,G15113700100302010,莒县东收费站出口广场,封闭式出口,35.456923379301045,118.83119664832653
692,G15113700100401010,莒县收费站入口广场,封闭式入口,35.439928529675214,118.72014213415953
693,G15113700100402010,莒县收费站出口广场,封闭式出口,35.44015353309881,118.72015417562051
694,G15113700100501010,龙山收费站入口广场,封闭式入口,35.494216781608145,119.01887113415957
695,G15113700100502010,龙山收费站出口广场,封闭式出口,35.494182915593214,119.01915611080113
696,G15113700200101010,沂南收费站入口广场,封闭式入口,35.39863165592074,118.50334520702681
697,G15113700200102010,沂南收费站出口广场,封闭式出口,35.39877197885525,118.50330769914302
698,G15113700200201010,费县收费站入口广场,封闭式入口,35.37306678127935,117.94912613415958
699,G15113700200202010,费县收费站出口广场,封闭式出口,35.373185897654665,117.94914991951987
700,G15113700200301010,平邑东收费站入口广场,封闭式入口,35.436304403874004,117.76134527989404
701,G15113700200302010,平邑东收费站出口广场,封闭式出口,35.43621405317259,117.76147717676952
702,G15113700200401010,平邑收费站入口广场,封闭式入口,35.451610403416964,117.64425698834322
703,G15113700200402010,平邑收费站出口广场,封闭式出口,35.451455515530554,117.64430163406357
704,G15113700200501010,高里收费站入口广场,封闭式入口,35.388335279989136,118.39734684260875
705,G15113700200502010,高里收费站出口广场,封闭式出口,35.388436478361896,118.3976216382536
706,G15113700300101010,泉林收费站入口广场,封闭式入口,35.49313652866353,117.39471035276127
707,G15113700300102010,泉林收费站出口广场,封闭式出口,35.493204424513806,117.39476310571764
708,G15113700300201010,泗水收费站入口广场,封闭式入口,35.552703527529374,117.24301513415953
709,G15113700300202010,泗水收费站出口广场,封闭式出口,35.55263744220312,117.24312112261265
710,G15113700300301010,曲阜南收费站入口广场,封闭式入口,35.533817654819174,116.98433513415954
711,G15113700300302010,曲阜南收费站出口广场,封闭式出口,35.53399402530853,116.98433984961207
712,G15113700300401010,兖州收费站入口广场,封闭式入口,35.514505908383256,116.79823813415955
713,G15113700300402010,兖州收费站出口广场,封闭式出口,35.51474836088309,116.7981346123137
714,G15113700300501010,济宁收费站入口广场,封闭式入口,35.52667003536759,116.66174335276126
715,G15113700300502010,济宁收费站出口广场,封闭式出口,35.52665868483133,116.66140045897562
716,G15113700300601010,济宁北收费站入口广场,封闭式入口,35.53261290862946,116.53028313415955
717,G15113700300602010,济宁北收费站出口广场,封闭式出口,35.53248826569843,116.53029145691018
718,G15113700300701010,济宁西收费站入口广场,封闭式入口,35.504019034813155,116.43565913415956
719,G15113700300702010,济宁西收费站出口广场,封闭式出口,35.504117813990035,116.43549163946642
720,G15113700300801010,嘉祥收费站入口广场,封闭式入口,35.480132655257066,116.35434320702682
721,G15113700300802010,嘉祥收费站出口广场,封闭式出口,35.48000239734799,116.35423396543435
722,G15113700300901010,曲阜东入口收费广场,封闭式入口,35.5456768363194,117.0883252070063
723,G15113700300902020,曲阜东出口收费广场,封闭式出口,35.54564471954669,117.08837727907111
724,G15113700400101010,日兰鲁豫入口广场,,34.594400,115.546000
725,G15113700400102010,日兰鲁豫出口广场,,34.594400,115.546000
726,G15113700400201010,曹县西入口广场,封闭式入口,35.04844150593196,115.23834783819031
727,G15113700400202010,曹县西出口广场,封闭式出口,35.04833034430176,115.23820215076051
728,G15113700400301010,牡丹入口广场,封闭式入口,35.13194238387629,115.4216001064071
729,G15113700400302010,牡丹出口广场,封闭式出口,35.13184118627642,115.42163328435575
730,G15113700400401010,菏泽南入口广场,封闭式入口,35.151692603085436,115.50741737464439
731,G15113700400402010,菏泽南出口广场,封闭式出口,35.15166710488958,115.50767285629328
732,G15113700400501010,菏泽新区入口广场,封闭式入口,35.22329660255426,115.58842230175671
733,G15113700400502010,菏泽新区出口广场,封闭式出口,35.22338069968478,115.58832266190716
734,G18133700100101010,乳山西收费站入口广场,封闭式入口,36.847925160980424,121.4258310335399
735,G18133700100102010,乳山西收费站出口广场,封闭式出口,36.848147832402404,121.42587890891075
736,G18133700100201010,乳山收费站北站入口广场,封闭式入口,36.8810803979066,121.54050718083579
737,G18133700100201020,乳山收费站南站入口广场,封闭式入口,36.87912720691166,121.54527444512544
738,G18133700100202010,乳山收费站北站出口广场,封闭式出口,36.881111789437654,121.54074988403069
739,G18133700100202020,乳山收费站南站出口广场,封闭式出口,36.87915989039463,121.5451087839468
740,G18133700200101010,穴坊收费站入口广场,封闭式入口,36.627770645771236,120.74116191547597
741,G18133700200102010,穴坊收费站出口广场,封闭式出口,36.6276803606806,120.74126001146372
742,G18133700200201010,羊郡收费站入口广场,封闭式入口,36.65746122757909,120.82840476974157
743,G18133700200202010,羊郡收费站出口广场,封闭式出口,36.65750772510657,120.82858902805386
744,G18133700200301010,行村收费站入口广场,封闭式入口,36.67341864538855,120.91091113415953
745,G18133700200302010,行村收费站出口广场,封闭式出口,36.67348698168162,120.91095874158384
746,G18133700200401010,辛安收费站入口广场,封闭式入口,36.67071936646397,120.99953298834323
747,G18133700200402010,辛安收费站出口广场,封闭式出口,36.67078347843871,120.99940355473447
748,G18133700200501010,海阳西收费站入口广场,封闭式入口,36.72794850481684,121.12057327989406
749,G18133700200502010,海阳西收费站出口广场,封闭式出口,36.72792851307304,121.12072078887246
750,G18133700200601010,海阳收费站北入口广场,封闭式入口,36.760430476147604,121.20289653413376
751,G18133700200601020,海阳收费站南入口广场,封闭式入口,36.755112645450154,121.20747678392505
752,G18133700200602010,海阳收费站北出口广场,封闭式出口,36.76062224078409,121.20325523524701
753,G18133700200602020,海阳收费站南出口广场,封闭式出口,36.75496010688616,121.20704098804354
754,G18133700200701010,留格庄收费站入口广场,封闭式入口,36.77959702544862,121.34223047023917
755,G18133700200702010,留格庄收费站出口广场,封闭式出口,36.77968521126121,121.34214997379803
756,G18133700300101010,长直收费站入口广场,封闭式入口,36.46561364712734,120.40185006121048
757,G18133700300102010,长直收费站出口广场,封闭式出口,36.465643811742225,120.40173350329772
758,G18133700300201010,灵山收费站入口广场,封闭式入口,36.49361637189915,120.47083513415954
759,G18133700300202010,灵山收费站出口广场,封闭式出口,36.493688901532835,120.47081599579951
760,G18133700300301010,华山收费站入口广场,封闭式入口,36.503826646808264,120.52389227989404
761,G18133700300302010,华山收费站出口广场,封闭式出口,36.503990250223296,120.52392507295765
762,G18133700300401010,店集收费站入口广场,封闭式入口,36.57869696440406,120.66154348941627
763,G18133700300402010,店集收费站出口广场,封闭式出口,36.57878764200487,120.66145093030089
764,G18153700100101010,潍城西入口收费广场,封闭式入口,36.72215657988528,118.95177560934178
765,G18153700100102020,潍城西出口收费广场,封闭式出口,36.72241293249901,118.95173750619765
766,G18153700100201010,潍坊南入口收费广场,封闭式入口,36.6040269380763,118.96795328436936
767,G18153700100202020,潍坊南出口收费广场,封闭式出口,36.60390133449694,118.96779363678131
768,G18153700100301010,昌乐南入口收费广场,封闭式入口,36.48718799999999,119.10965831779095
769,G18153700100302020,昌乐南出口收费广场,封闭式出口,36.48723722115871,119.10948479195771
770,G18153700100401010,安丘南入口收费广场,封闭式入口,36.362004375956516,119.17015316039972
771,G18153700100402020,安丘南出口收费广场,封闭式出口,36.36198968584118,119.1703493337292
772,G18153700100501010,安丘官庄入口收费广场,封闭式入口,36.264061198299274,119.18640689209144
773,G18153700100502020,安丘官庄出口收费广场,封闭式出口,36.264066366809885,119.18633119244878
774,G18153700100601010,诸城石桥子入口收费广场,封闭式入口,36.1559591910994,119.23739306707976
775,G18153700100602020,诸城石桥子出口收费广场,封闭式出口,36.155961826582626,119.2373573956992
776,G18153700100701010,诸城龙都入口收费广场,封闭式入口,35.92682876018421,119.27663813994701
777,G18153700100702020,诸城龙都出口收费广场,封闭式出口,35.92683803161212,119.2767034658994
778,G18153700100801010,五莲北入口收费广场,封闭式入口,35.808037891232274,119.27561133536308
779,G18153700100802020,五莲北出口收费广场,封闭式出口,35.80811462026746,119.27562355740268
780,G18153700100901010,五莲入口收费广场,封闭式入口,35.74350678228784,119.28744984260875
781,G18153700100902020,五莲出口收费广场,封闭式出口,35.743520123095124,119.28727869126898
782,G18153700101001010,街头入口收费广场,封闭式入口,35.58909054526758,119.2915026589773
783,G18153700101002020,街头出口收费广场,封闭式出口,35.58903430971655,119.29147828158744
784,G18153700101101010,陈疃北入口收费广场,封闭式入口,35.515752327483256,119.29208234110448
785,G18153700101102020,陈疃北出口收费广场,封闭式出口,35.51572146635286,119.29220535570576
786,G20113700100101010,青岛东入口收费广场,封闭式入口,36.137757179648645,120.45347197281734
787,G20113700100102020,青岛东出口收费广场,封闭式出口,36.13775103831075,120.45313782429132
788,G20113700100201010,李村入口收费广场,封闭式入口,36.16092283448391,120.44692126831912
789,G20113700100202020,李村出口收费广场,封闭式出口,36.16062620358575,120.44695858092658
790,G20113700100301010,夏庄入口收费广场,封闭式入口,36.2496254221094,120.43179763257346
791,G20113700100302020,夏庄出口收费广场,封闭式出口,36.249694962938335,120.4321467631515
792,G20113700100401010,流亭入口收费广场,封闭式入口,36.252388,120.428522
793,G20113700100402020,流亭出口收费广场,封闭式出口,36.252524,120.428674
794,G20113700100501010,城阳南入口收费广场,封闭式入口,36.290648000000004,120.43421899999997
795,G20113700100502020,城阳南出口收费广场,封闭式出口,36.290459617821796,120.43453897353426
796,G20113700100601010,城阳北入口收费广场,封闭式入口,36.32492861786997,120.42406349267262
797,G20113700100602020,城阳北出口收费广场,封闭式出口,36.32482308875423,120.42405917229976
798,G20113700200101010,即墨西入口收费广场,封闭式入口,36.37661837547732,120.38699498834322
799,G20113700200101020,即墨西出口收费广场,封闭式入口,36.37665937547605,120.38683720702677
800,G20113700200201010,普东入口收费广场,封闭式入口,36.4651105099517,120.30970627989404
801,G20113700200202020,普东出口收费广场,封闭式出口,36.46511320060999,120.30984540632917
802,G20113700200301010,移风入口收费广场,封闭式入口,36.545276784501766,120.203763279894
803,G20113700200302020,移风出口收费广场,封闭式出口,36.54520420903799,120.20363116039185
804,G20113700300101010,郭庄入口收费广场,封闭式入口,36.608125784677114,120.10177406121046
805,G20113700300102020,郭庄出口收费广场,封闭式出口,36.608269367245924,120.10173624746362
806,G20113700300201010,平度南入口收费广场,封闭式入口,36.70786750521026,119.95840313415954
807,G20113700300202020,平度南出口收费广场,封闭式出口,36.70789861253982,119.95855345235515
808,G20113700300301010,张舍入口收费广场,封闭式入口,36.87199221856264,119.73463020702683
809,G20113700300302020,张舍出口收费广场,封闭式出口,36.87208020188254,119.73472446017962
810,G20113700400101010,明村收费站入口广场,封闭式入口,36.762333644642,119.63650313415957
811,G20113700400102010,明村收费站出口广场,封闭式出口,36.762220509726745,119.63649508238127
812,G20113700400201010,田庄收费站入口广场,封闭式入口,36.77737864451548,119.75130513415957
813,G20113700400202010,田庄收费站出口广场,封闭式出口,36.77750416873789,119.75129464209586
814,G20113700400301010,平度收费站辅站入口广场,封闭式入口,36.808634122963824,119.89156513450054
815,G20113700400302010,平度收费站辅站出口广场,封闭式出口,36.70786956600965,119.95840910248303
816,G20113700400401010,平度东收费站入口广场,封闭式入口,36.80157440650986,120.0687985277354
817,G20113700400402010,平度东收费站出口广场,封闭式出口,36.801475999998814,120.0687730583749
818,G20113700400501010,云山收费站入口广场,封闭式入口,36.83649757607223,120.25553511957615
819,G20113700400502010,云山收费站出口广场,封闭式出口,36.836377679260806,120.25548708488719
820,G25163700100101010,利津北收费站入口广场,封闭式入口,37.58025355080636,118.26244224484184
821,G25163700100102010,利津北收费站出口广场,封闭式出口,37.57992766331695,118.2624287929331
822,G25163700100201010,盐窝收费站入口广场,封闭式入口,37.630402398761404,118.36438497384164
823,G25163700100202010,盐窝收费站出口广场,封闭式出口,37.630505135438156,118.36455797446479
824,G25163700200101010,惠民西收费站入口广场,封闭式入口,37.22952014576349,117.44241704963561
825,G25163700200102010,惠民西收费站出口广场,封闭式出口,37.2292813304457,117.44242961561261
826,G25163700200201010,惠民收费站入口广场,封闭式入口,37.371207984233266,117.57778783095202
827,G25163700200202010,惠民收费站出口广场,封闭式出口,37.37136219140929,117.57812135751875
828,G25163700200301010,滨州西收费站入口广场,封闭式入口,37.415531278219646,117.72039612242091
829,G25163700200302010,滨州西收费站出口广场,封闭式出口,37.41552815845172,117.72072460984035
830,G25163700200401010,滨城北收费站入口广场,封闭式入口,37.50446768114794,117.988207830952
831,G25163700200402010,滨城北收费站出口广场,封闭式出口,37.50472589600436,117.9883401243068
832,G25163700200501010,滨州东收费站入口广场,封闭式入口,37.5103769786883,118.07989912242097
833,G25163700200502010,滨州东收费站出口广场,封闭式出口,37.51055487274557,118.07984567860981
834,G25163700300101010,济北开发区收费站入口广场,封闭式入口,37.03463899757051,117.1695779766865
835,G25163700300102010,济北开发区收费站出口广场,封闭式出口,37.034787040352626,117.16926406573724
836,G25163700300201010,济阳东收费站入口广场,封闭式入口,37.11466799440855,117.271219851257
837,G25163700300202010,济阳东收费站出口广场,封闭式出口,37.11440824254939,117.27115288515039
838,G25163700400101010,高唐西收费站入口广场,封闭式入口,36.89093457093858,116.15452426831911
839,G25163700400102010,高唐西收费站出口广场,封闭式出口,36.890768301615395,116.15462105784353
840,G25163700400201010,金郝庄收费站入口广场,封闭式入口,36.8774624366644,115.9888464140536
841,G25163700400202010,金郝庄收费站出口广场,封闭式出口,36.87731709286385,115.9887905188117
842,G25163700400301010,临清收费站入口广场,封闭式入口,36.877249436682334,115.78404697668647
843,G25163700400302010,临清收费站出口广场,封闭式出口,36.87743651914913,115.7839784993712
844,G25163700400401010,高邢鲁冀收费站入口广场,,36.885641,115.701367
845,G25163700400402010,高邢鲁冀收费站出口广场,,36.885641,115.701367
846,G35113700200101010,东明北入口收费广场,封闭式入口,35.3291083129717,115.1136942683191
847,G35113700200102020,东明北出口收费广场,封闭式出口,35.32902981092542,115.11368919654043
848,G35113700200201010,菏宝鲁豫收费站入口广场,,35.31444107602849,114.87647823443638
849,G35113700200202020,菏宝鲁豫收费站出口广场,,35.33120748871703,115.0852622026567
850,S00013700100101010,晏城收费站入口广场,封闭式入口,36.72504302601108,116.72345731471499
851,S00013700100102010,晏城收费站出口广场,封闭式出口,36.7250056370663,116.72329344089233
852,S00013700100201010,齐河西收费站入口广场,封闭式入口,36.70499465724315,116.64805656628442
853,S00013700100201020,齐河西收费站入口广场,封闭式入口,36.7023502898336,116.6496923747295
854,S00013700100202010,齐河西收费站出口广场,封闭式出口,36.70490971737097,116.64810948490955
855,S00013700100202020,齐河西收费站出口广场,封闭式出口,36.7024464952477,116.64963607805068
856,S00013700100301010,齐河南收费站入口广场,封闭式入口,36.75348579955708,116.77184435244892
857,S00013700100302010,齐河南收费站出口广场,封闭式出口,36.75361731773167,116.77175075821195
858,S00013700100404010,潘店收费广场,封闭式出+封闭式入,36.650836,116.476562
859,S00013700200101010,茌平收费站入口广场,封闭式入口,36.55292127621762,116.26173413574601
860,S00013700200102010,茌平收费站出口广场,封闭式出口,36.552997980951304,116.26197615606524
861,S00013700200201010,聊城东收费站北岗入口广场,封闭式入口,36.49788308115954,116.02776321386757
862,S00013700200201020,聊城东收费站南岗入口广场,封闭式入口,36.491064384478676,116.02828083259753
863,S00013700200202010,聊城东收费站北岗出口广场,封闭式出口,36.49788532238205,116.02818019279681
864,S00013700200202020,聊城东收费站南岗出口广场,封闭式出口,36.49109457471597,116.02786982185994
865,S00013700200301010,聊城收费站北岗入口广场,封闭式入口,36.486247143005286,115.95354222199121
866,S00013700200301020,聊城收费站南岗入口广场,封闭式入口,36.48272479520894,115.95720901519566
867,S00013700200302010,聊城收费站北岗出口广场,封闭式出口,36.48624485350308,115.95381970480308
868,S00013700200302020,聊城收费站南岗出口广场,封闭式出口,36.48273020510314,115.95692091393987
869,S00013700200601010,冠县东收费站入口广场,封闭式入口,36.48976146472776,115.66507440235584
870,S00013700200602010,冠县东收费站出口广场,封闭式出口,36.48967670298066,115.66521303239443
871,S00013700200701010,冠县收费站入口广场,封闭式入口,36.519761047777095,115.4793756035134
872,S00013700200702010,冠县收费站出口广场,封闭式出口,36.51977348414866,115.47910440519297
873,S00013700200801010,冠县西收费站入口广场,,36.326230,115.202178
874,S00013700200802010,冠县西收费站出口广场,,36.326230,115.202178
875,S00013700200901010,聊城开发收费站北岗入口广场,封闭式入口,36.4987542086118,116.08539460409158
876,S00013700200901020,聊城开发收费站南岗入口广场,封闭式入口,36.4955747903758,116.09132652453843
877,S00013700200902010,聊城开发收费站北岗出口广场,封闭式出口,36.498800563152784,116.08549010537345
878,S00013700200902020,聊城开发收费站南岗出口广场,封闭式出口,36.495557898537314,116.0912184724978
879,S00013700201001010,茌平西收费站入口广场,封闭式入口,36.538496198441905,116.21192313415956
880,S00013700201002010,茌平西收费站出口广场,封闭式出口,36.53865429101667,116.21199849292665
881,S00073700100101010,锦绣川收费站入口广场,封闭式入口,36.501167,117.109667
882,S00073700100102020,锦绣川收费站出口广场,封闭式出口,36.501167,117.109667
883,S00073700100201010,柳埠东收费站入口广场,封闭式入口,36.426167,117.138167
884,S00073700100202020,柳埠东收费站出口广场,封闭式出口,36.426167,117.138167
885,S00073700100301010,泰山北收费站入口广场,封闭式入口,36.301167,117.202000
886,S00073700100302020,泰山北收费站出口广场,封闭式出口,36.301167,117.202000
887,S00073700100401010,泰山东收费站入口广场,封闭式入口,36.252500,117.257500
888,S00073700100402020,泰山东收费站出口广场,封闭式出口,36.252500,117.257500
889,S00073700100501010,邱家店收费站入口广场,封闭式入口,36.150000,117.274333
890,S00073700100502020,邱家店收费站出口广场,封闭式出口,36.150000,117.274333
891,S00073700100601010,徂徕北收费站入口广场,封闭式入口,36.106833,117.300500
892,S00073700100602020,徂徕北收费站出口广场,封闭式出口,36.106833,117.300500
893,S00113700100101010,烟台收费站入口广场,封闭式入口,37.4411148642252,121.47261885021032
894,S00113700100101011,烟台收费站入口广场,封闭式入口,37.4411148642252,121.47261885021032
895,S00113700100102010,烟台收费站出口广场,封闭式出口,37.441497735768905,121.47294741237758
896,S00113700100102012,烟台收费站出口广场,封闭式出口,37.441497735768905,121.47294741237758
897,S00113700100201010,烟台南收费站入口广场,封闭式入口,37.284111281958985,121.44894509660989
898,S00113700100201013,烟台南收费站入口广场,封闭式入口,37.28411382213858,121.44895122006757
899,S00113700100202010,烟台南收费站出口广场,封闭式出口,37.284085665604636,121.44885183070032
900,S00113700100202014,烟台南收费站出口广场,封闭式出口,37.284085665604636,121.44885183070032
901,S00113700100301010,牟平南收费站入口广场,封闭式入口,37.180504336743326,121.419993550139
902,S00113700100301015,牟平南收费站入口广场,封闭式入口,37.180494372793405,121.41998497589681
903,S00113700100302010,牟平南收费站出口广场,封闭式出口,37.18057161387304,121.41996892914284
904,S00113700100302016,牟平南收费站出口广场,封闭式出口,37.18057161387304,121.41996892914284
905,S00113700100401010,乳山北收费站入口广场,封闭式入口,37.01019928508872,121.37602080467097
906,S00113700100401017,乳山北收费站入口广场,封闭式入口,37.01019758350597,121.37601404430582
907,S00113700100402010,乳山北收费站出口广场,封闭式出口,37.01029612460954,121.37606821024313
908,S00113700100402018,乳山北收费站出口广场,封闭式出口,37.01029612460954,121.37606821024313
909,S00113700100501010,诸往收费站入口广场,封闭式入口,36.95757832149856,121.36302406707978
910,S00113700100501019,诸往收费站入口广场,封闭式入口,36.957578773912005,121.3630210244653
911,S00113700100502010,诸往收费站出口广场,封闭式出口,36.95751096052332,121.36299258660154
912,S00113700100601010,海阳北收费站入口广场,封闭式入口,36.880994179990694,121.30638560351339
913,S00113700100602010,海阳北收费站出口广场,封闭式出口,36.88098236860337,121.30623460525818
914,S00113700100701010,海阳东收费站入口广场,封闭式入口,36.763976214657475,121.29401587504383
915,S00113700100702010,海阳东收费站出口广场,封闭式出口,36.763980370635394,121.29369553334801
916,S00123700100101010,无棣东收费站入口广场,封闭式入口,37.703152177744656,117.7229497955382
917,S00123700100102010,无棣东收费站出口广场,封闭式出口,37.7031248207327,117.72318999312546
918,S00123700100201010,阳信收费站入口广场,封闭式入口,37.6843519386626,117.63735206121046
919,S00123700100202010,阳信收费站出口广场,封闭式出口,37.68435599507244,117.63717711447791
920,S00123700200101010,庆云收费站入口广场,封闭式入口,37.70242848550369,117.40982713415954
921,S00123700200102010,庆云收费站出口广场,封闭式出口,37.70226227288859,117.40990965980929
922,S00123700200201010,乐陵收费站入口广场,封闭式入口,37.673009636906286,117.17431391547599
923,S00123700200202010,乐陵收费站出口广场,封闭式出口,37.672790979081995,117.1742295952901
924,S00123700200301010,宁津收费站入口广场,封闭式入口,37.568493937007005,116.79498335276125
925,S00123700200302010,宁津收费站出口广场,封闭式出口,37.56850672705217,116.79514141043185
926,S00123700200401010,德州东收费站入口广场,封闭式入口,37.47368849007589,116.45219113415956
927,S00123700200402010,德州东收费站出口广场,封闭式出口,37.4737119641601,116.45198013621585
928,S00123700200501010,德州北收费站主站入口广场,封闭式入口,37.50427839389829,116.35259847889607
929,S00123700200501020,德州北收费站辅站入口广场,封闭式入口,37.507635319296355,116.35463997198676
930,S00123700200502010,德州北收费站主站出口广场,封闭式出口,37.50439437602485,116.3526988298799
931,S00123700200502020,德州北收费站辅站出口广场,封闭式出口,37.50759405731584,116.35482937317809
932,S00123700200601010,德州西收费站入口广场,封闭式入口,37.516172036489294,116.31720609738605
933,S00123700200602010,德州西收费站出口广场,封闭式出口,37.51485371813672,116.31699452467603
934,S00123700200701010,景州主线收费站入口广场,,37.524695,116.308034
935,S00123700200701030,庙镇入口广场,封闭式入口,37.524695,116.308034
936,S00123700200702020,鲁冀主线收费站出口广场,,37.524695,116.308034
937,S00123700200702040,庙镇出口广场,封闭式出口,37.524695,116.308034
938,S00123700200804010,乐陵东收费广场,封闭式出+封闭式入,37.684047,117.261741
939,S00163700100101010,武备收费站入口广场,封闭式入口,36.85364581350507,120.33913786319103
940,S00163700100102010,武备收费站出口广场,封闭式出口,36.8535570897469,120.33907356415949
941,S00163700100201010,莱西收费站入口广场,封闭式入口,36.91466873450726,120.50246027404518
942,S00163700100202010,莱西收费站出口广场,封闭式出口,36.91464722146357,120.50236539753928
943,S00163700100301010,周格庄收费站出口广场,封闭式入口,36.928490,120.571082
944,S00163700100302010,周格庄收费站入口广场,封闭式出口,36.928746,120.571108
945,S00163700200101010,坊子收费站入口广场,封闭式入口,36.61796812575943,119.17697160832988
946,S00163700200102010,坊子收费站出口广场,封闭式出口,36.61807069301784,119.17696378230534
947,S00163700200201010,朱里收费站入口广场,封闭式入口,36.74518792536753,119.39959920702681
948,S00163700200202010,朱里收费站出口广场,封闭式出口,36.74519237886895,119.39943890572505
949,S00163700200301010,石埠收费站入口广场,封闭式入口,36.750083078692754,119.46971495112442
950,S00163700200302010,石埠收费站出口广场,封闭式出口,36.75005696551317,119.46989956569912
951,S00163700300101010,泽头收费站入口广场,封闭式入口,37.064472,121.582656
952,S00163700300102020,泽头收费站出口广场,封闭式出口,37.064472,121.582656
953,S00163700300201010,下初收费站入口广场,封闭式入口,37.055482,121.608704
954,S00163700300202020,下初收费站出口广场,封闭式出口,37.055482,121.608704
955,S00163700300301010,午极收费站入口广场,封闭式入口,37.078362,121.479715
956,S00163700300302020,午极收费站出口广场,封闭式出口,37.078362,121.479715
957,S00163700300401010,崖子收费站入口广场,封闭式入口,37.086529,121.285006
958,S00163700300402020,崖子收费站出口广场,封闭式出口,37.086529,121.285006
959,S00163700400101010,郭城收费站入口广场,封闭式入口,36.998183,121.087991
960,S00163700400102020,郭城收费站出口广场,封闭式出口,36.998183,121.087991
961,S00163700400201010,发城收费站入口广场,封闭式入口,36.996014,121.037997
962,S00163700400202020,发城收费站出口广场,封闭式出口,36.996014,121.037997
963,S00163700400301010,万第收费站入口广场,封闭式入口,36.905827,120.838343
964,S00163700400302020,万第收费站出口广场,封闭式出口,36.905827,120.838343
965,S00163700400401010,古柳收费站入口广场,封闭式入口,36.882675,120.708783
966,S00163700400402020,古柳收费站出口广场,封闭式出口,36.882675,120.708783
967,S00163700400501010,吕格庄收费站入口广场,封闭式入口,36.901076,120.649653
968,S00163700400502020,吕格庄收费站出口广场,封闭式出口,36.901076,120.649653
969,S00163700400601010,冯格庄收费站入口广场,封闭式入口,36.927752,120.583748
970,S00163700400602020,冯格庄收费站出口广场,封闭式出口,36.927752,120.583748
971,S00163700500101010,坊子西入口收费广场,封闭式入口,36.585878,119.106688
972,S00163700500102010,坊子西出口收费广场,封闭式出口,36.585343,119.106771
973,S00163700500201010,坊子入口收费广场,封闭式入口,36.618228,119.148693
974,S00163700500202010,坊子出口收费广场,封闭式出口,36.618516,119.148126
975,S00173700100101010,蓬莱收费站入口广场,封闭式入口,37.75453071027201,120.87058526703832
976,S00173700100102010,蓬莱收费站出口广场,封闭式出口,37.75457867452239,120.8712497194562
977,S00173700100201010,大辛店收费站入口广场,封闭式入口,37.57999727540758,120.90051026831912
978,S00173700100202010,大辛店收费站出口广场,封闭式出口,37.579920158983654,120.90043349537086
979,S00193700100101010,莱西东收费广场,封闭式入口,36.89654771900145,120.59140512242098
980,S00193700100102010,莱西东收费广场,封闭式出口,36.89640092674718,120.59120082607991
981,S00193700100201010,团旺收费广场,封闭式入口,36.75884999999998,120.55445026823736
982,S00193700100202010,团旺收费广场,封闭式出口,36.75885686859861,120.55456771617051
983,S00193700100301010,姜山收费广场,封闭式入口,36.63862750656541,120.52171027989404
984,S00193700100302010,姜山收费广场,封闭式出口,36.63862489947577,120.52188905065559
985,S00193700100401010,华山东收费广场,封闭式入口,36.54383192255453,120.56144535276125
986,S00193700100402010,华山东收费广场,封闭式出口,36.54386196685884,120.56125632631218
987,S00193700100501010,龙泉收费广场,封闭式入口,36.458798372965035,120.559053279894
988,S00193700100502010,龙泉收费广场,封闭式出口,36.458957584762004,120.55914325905245
989,S00193700100601010,即墨东收费广场,封闭式入口,36.40313323820962,120.55088713415955
990,S00193700100602010,即墨东收费广场,封闭式出口,36.40307507226103,120.55066879487984
991,S00193700100701010,惜福收费广场,封闭式入口,36.330682919591254,120.519393279894
992,S00193700100702010,惜福收费广场,封闭式出口,36.33080701281425,120.51940046009538
993,S00193700100801010,城阳收费广场,封闭式入口,36.28184014152852,120.4211080487845
994,S00193700100802010,城阳收费广场,封闭式出口,36.282202836488395,120.42081445946457
995,S00193700400101010,S19玲珑入口收费广场,封闭式入口,37.4080489174885,120.45463660934179
996,S00193700400102020,S19玲珑出口收费广场,封闭式出口,37.408042318254886,120.45477213311052
997,S00193700400201010,S19招远东入口收费广场,封闭式入口,37.34911582876127,120.48096676985456
998,S00193700400202020,S19招远东出口收费广场,封闭式出口,37.34917440119037,120.48100385522149
999,S00193700400301010,S19毕郭入口收费广场,封闭式入口,37.225009938043286,120.51961494969335
1000,S00193700400302020,S19毕郭出口收费广场,封闭式出口,37.225000016770736,120.5195542967253
1001,S00193700400401010,S19马连庄入口收费广场,封闭式入口,37.07783999545045,120.51862110529726
1002,S00193700400402020,S19马连庄出口收费广场,封闭式出口,37.07789542387708,120.51861938864533
1003,S00233700100101010,潍日滨海收费站入口广场,封闭式入口,37.0145151134204,119.08077474016162
1004,S00233700100102010,潍日滨海收费站出口广场,封闭式出口,37.01443338738548,119.08124161009977
1005,S00233700100201010,潍日潍城收费站入口广场,封闭式入口,36.79469628509267,118.97484280027632
1006,S00233700100202010,潍日潍城收费站出口广场,封闭式出口,36.79490580474925,118.97451930338602
1007,S00263700100101010,莱泰杨庄收费站入口广场,封闭式入口,36.223108041553715,117.44698391750273
1008,S00263700100102010,莱泰杨庄收费站出口广场,封闭式出口,36.223136497872304,117.44720875890376
1009,S00263700100201010,莱芜西收费站入口广场,封闭式入口,36.199029969765036,117.59730797668645
1010,S00263700100202010,莱芜西收费站出口广场,封闭式出口,36.198873116625634,117.59732046282508
1011,S00263700200101010,莱泰泰安收费站入口广场,封闭式入口,36.189146309208965,117.21740860715512
1012,S00263700200102010,莱泰泰安收费站出口广场,封闭式出口,36.18932543123482,117.21746620131913
1013,S00263700200201010,范镇收费站入口广场,封闭式入口,36.21067091193484,117.39954038460583
1014,S00263700200201020,范镇收费站入口广场,封闭式入口,36.20876952349781,117.39876710856417
1015,S00263700200202010,范镇收费站出口广场,封闭式出口,36.21071891290812,117.39952526064248
1016,S00263700200202020,范镇收费站出口广场,封闭式出口,36.208667045174465,117.3988260717168
1017,S00283700100101010,张寨北入口收费广场,封闭式入口,36.083116153116535,115.50631269611725
1018,S00283700100102020,张寨北出口收费广场,封闭式出口,36.08317855120268,115.5063304706994
1019,S00283700100201010,莘南鲁豫入口收费广场,,36.058423,115.376862
1020,S00283700100202020,莘南鲁豫出口收费广场,,36.081087,115.480427
1021,S00293700100101010,高青北收费站入口广场,封闭式入口,37.24444899982814,117.96606646121342
1022,S00293700100102010,高青北收费站出口广场,封闭式出口,37.24437737881992,117.96629820076095
1023,S00293700100201010,高青收费站入口广场,封闭式入口,37.185698931567785,117.97333698834322
1024,S00293700100202010,高青收费站出口广场,封闭式出口,37.18569753758938,117.97312515026627
1025,S00293700100301010,桓台收费站入口广场,封闭式入口,36.95448978564802,117.968360279894
1026,S00293700100302010,桓台收费站出口广场,封闭式出口,36.954556037742606,117.96861889663309
1027,S00293700100401010,淄博新区入口收费广场,封闭式入口,36.78330313320615,117.95470432944789
1028,S00293700100402010,淄博新区出口收费广场,封闭式出口,36.783290470637,117.95508713257182
1029,S00293700100501010,淄川收费站入口广场,封闭式入口,36.661595569652974,117.88204426831909
1030,S00293700100502010,淄川收费站出口广场,封闭式出口,36.661452086439255,117.8817611021481
1031,S00293700100601010,博山收费站入口广场,封闭式入口,36.507063514356574,117.82737879277094
1032,S00293700100602010,博山收费站出口广场,封闭式出口,36.50707634323456,117.82729555794565
1033,S00293700100701010,淄博西入口收费广场,封闭式入口,36.84432670836695,117.94908896073903
1034,S00293700100702020,淄博西出口收费广场,封闭式出口,36.84458976036511,117.94935112202865
1035,S00293700100801010,文昌湖入口收费广场,封闭式入口,36.7294340030661,117.92993112097126
1036,S00293700100802020,文昌湖出口收费广场,封闭式出口,36.729431343708626,117.9296922864574
1037,S00293700100901010,博山北入口收费广场,封闭式入口,36.57778050775444,117.85359098834324
1038,S00293700100902020,博山北出口收费广场,封闭式出口,36.57773471926606,117.85362345105736
1039,S00293700101004010,桓台北收费广场,封闭式出+封闭式入,37.014609,117.967109
1040,S00293700400101010,平邑北收费站入口广场,封闭式入口,35.658386,117.728007
1041,S00293700400102010,平邑北收费站出口广场,封闭式出口,35.659201,117.729041
1042,S00293700400201010,蒙山收费站入口广场,封闭式入口,35.509381,117.780892
1043,S00293700400202010,蒙山收费站出口广场,封闭式出口,35.608731,117.790732
1044,S00293700400301010,平邑南收费站入口广场,封闭式入口,35.305535,117.634479
1045,S00293700400302010,平邑南收费站出口广场,封闭式出口,35.308047,117.631518
1046,S00293700400401010,白彦收费站入口广场,封闭式入口,35.229215,117.581504
1047,S00293700400402010,白彦收费站出口广场,封闭式出口,35.228958,117.582497
1048,S00293700500101010,山亭东收费站入口广场,封闭式入口,35.083276,117.536630
1049,S00293700500102010,山亭东收费站出口广场,封闭式出口,35.083495,117.537606
1050,S00293700500201010,枣庄东收费站入口广场,封闭式入口,34.889643,117.603721
1051,S00293700500202010,枣庄东收费站出口广场,封闭式出口,34.890426,117.604167
1052,S00293700500301010,台儿庄北收费站入口广场,封闭式入口,34.605778,117.657778
1053,S00293700500302010,台儿庄北收费站出口广场,封闭式出口,34.603824,117.657563
1054,S00303700100101010,岳家庄收费站入口广场,封闭式入口,35.821474,117.642754
1055,S00303700100102010,岳家庄收费站出口广场,封闭式出口,35.821474,117.642754
1056,S00303700100201010,石莱收费站入口广场,封闭式入口,35.832331,117.512841
1057,S00303700100202010,石莱收费站出口广场,封闭式出口,35.832331,117.512841
1058,S00303700100301010,楼德收费站入口广场,封闭式入口,35.810693,117.311122
1059,S00303700100302010,楼德收费站出口广场,封闭式出口,35.810693,117.311122
1060,S00303700100401010,华丰收费站入口广场,封闭式入口,35.833586,117.145456
1061,S00303700100402010,华丰收费站出口广场,封闭式出口,35.833586,117.145456
1062,S00303700200101010,宁阳收费站入口广场,封闭式入口,35.845037,116.846366
1063,S00303700200102010,宁阳收费站出口广场,封闭式出口,35.845037,116.846366
1064,S00303700200201010,汶上北收费站入口广场,封闭式入口,35.846780,116.600119
1065,S00303700200202010,汶上北收费站出口广场,封闭式出口,35.846780,116.600119
1066,S00303700200301010,彭集收费站入口广场,封闭式入口,35.853685,116.470303
1067,S00303700200302010,彭集收费站出口广场,封闭式出口,35.853685,116.470303
1068,S00303700200401010,梁山北收费站入口广场,封闭式入口,35.838998,116.088397
1069,S00303700200402010,梁山北收费站出口广场,封闭式出口,36.838998,117.088397
1070,S00303700200501010,杨营收费站入口广场,封闭式入口,35.822087,115.954700
1071,S00303700200502010,杨营收费站出口广场,封闭式出口,36.822087,116.954700
1072,S00333700100101010,东平南收费站入口广场,封闭式入口,35.81225734742807,116.41396559776679
1073,S00333700100102010,东平南收费站出口广场,封闭式出口,35.81226322015998,116.41396591442582
1074,S00333700100201010,汶上西收费站入口广场,封闭式入口,35.73127930640709,116.4179484140536
1075,S00333700100202010,汶上西收费站出口广场,封闭式出口,35.73103169421634,116.4179559104035
1076,S00333700100301010,汶上南收费站入口广场,封闭式入口,35.66479469250329,116.42946551316099
1077,S00333700100302010,汶上南收费站出口广场,封闭式出口,35.66497014565806,116.42956795443202
1078,S00333700200101010,济宁经开区入口广场,封闭式入口,35.44650856295708,116.45677597668646
1079,S00333700200102010,济宁经开区出口广场,封闭式出口,35.44629668225561,116.45682019349259
1080,S00333700200201020,济宁机场入口广场,封闭式入口,35.30607881551181,116.44702241405356
1081,S00333700200202020,济宁机场出口广场,封闭式出口,35.306088118692344,116.44685555493676
1082,S00333700200301030,济宁南入口广场,封闭式入口,35.243037999999984,116.43846387757903
1083,S00333700200302030,济宁南出口广场,封闭式出口,35.24322085994116,116.43849156152415
1084,S00333700200401040,金乡东入口广场,封闭式入口,35.08850265843412,116.46365227989405
1085,S00333700200402040,金乡东出口广场,封闭式出口,35.08848078306855,116.46343169054342
1086,S00333700200501050,鱼台西入口广场,封闭式入口,34.96608214253179,116.55578391547601
1087,S00333700200502050,鱼台西出口广场,封闭式出口,34.96598932939514,116.55556547057893
1088,S00333700200601060,鲁苏主线入口广场,,34.906725597121024,116.5760416763134
1089,S00333700200602060,鲁苏主线出口广场,,34.906678153740685,116.57599242400858
1090,S00333700200701010,太白湖收费站入口广场,封闭式入口,35.362381,116.428835
1091,S00333700200702020,太白湖收费站出口广场,封闭式出口,35.362917,116.429491
1092,S00373700100101010,高唐州收费站入口广场,封闭式入口,36.854979,116.324385
1093,S00373700100102010,高唐州收费站出口广场,封闭式出口,36.855015,116.324554
1094,S00373700100201010,高唐南收费站入口广场,封闭式入口,36.723772,116.350847
1095,S00373700100202010,高唐南收费站出口广场,封闭式出口,36.723793,116.351009
1096,S00373700100301010,茌平东收费站入口广场,封闭式入口,36.610012,116.341334
1097,S00373700100302010,茌平东收费站出口广场,封闭式出口,36.610113,116.341307
1098,S00373700100401010,高集收费站入口广场,封闭式入口,36.466749,116.363221
1099,S00373700100402010,高集收费站出口广场,封闭式出口,36.466738,116.363302
1100,S00373700100501010,东阿北收费站入口广场,封闭式入口,36.421566,116.347883
1101,S00373700100502010,东阿北收费站出口广场,封闭式出口,36.421596,116.347811
1102,S00373700100601010,陈集收费站入口广场,封闭式入口,36.343152,116.330173
1103,S00373700100602010,陈集收费站出口广场,封闭式出口,36.343232,116.330258
1104,S00373700100701010,东阿东收费站入口广场,封闭式入口,36.316882,116.310675
1105,S00373700100702010,东阿东收费站出口广场,封闭式出口,36.316849,116.310882
1106,S00383700100101010,兰陵北收费站入口广场,封闭式入口,34.90907602036182,118.12049127989407
1107,S00383700100102010,兰陵北收费站出口广场,封闭式出口,34.90889074917665,118.1203074793807
1108,S00383700100201010,兰陵西收费站入口广场,封闭式入口,34.87189054039324,117.9573102070268
1109,S00383700100202010,兰陵西收费站出口广场,封闭式出口,34.871788680625585,117.95735337276932
1110,S00383700100301010,峄城东收费站入口广场,封闭式入口,34.818810779787455,117.765743915476
1111,S00383700100302010,峄城东收费站出口广场,封闭式出口,34.81893746267633,117.76582159074437
1112,S00383700100401010,峄城南收费站入口广场,封闭式入口,34.72818401601013,117.63209213415955
1113,S00383700100402010,峄城南收费站出口广场,封闭式出口,34.72799653451645,117.63221489497856
1114,S00383700100501010,峄城西收费站入口广场,封闭式入口,34.726982543103276,117.55443206121049
1115,S00383700100502010,峄城西收费站出口广场,封闭式出口,34.72718271492249,117.55445154361867
1116,S00383700100601010,枣庄新城收费站入口广场,封闭式入口,34.70764354346417,117.38570291547597
1117,S00383700100602010,枣庄新城收费站出口广场,封闭式出口,34.707868642484456,117.38575199638474
1118,S00383700300101010,滕州西收费站入口广场,封闭式入口,35.165648,117.097963
1119,S00383700300102010,滕州西收费站出口广场,封闭式出口,35.165648,117.097963
1120,S00383700300201010,滨湖收费站入口广场,封闭式入口,35.144699,116.892910
1121,S00383700300202010,滨湖收费站出口广场,封闭式出口,35.144699,116.892910
1122,S00383700300301010,两城收费站入口广场,封闭式入口,35.126801,116.778396
1123,S00383700300302010,两城收费站出口广场,封闭式出口,35.126801,116.778396
1124,S00383700300401010,南阳收费站入口广场,封闭式入口,35.116116,116.667560
1125,S00383700300402010,南阳收费站出口广场,封闭式出口,35.116116,116.667560
1126,S00383700300501010,鱼台北收费站入口广场,封闭式入口,35.051375,116.586323
1127,S00383700300502010,鱼台北收费站出口广场,封闭式出口,35.051375,116.586323
1128,S00383700300601010,金乡南收费站入口广场,封闭式入口,34.990582,116.390133
1129,S00383700300602010,金乡南收费站出口广场,封闭式出口,34.990582,116.390133
1130,S00383700300701010,金乡西收费站入口广场,封闭式入口,34.982231,116.229517
1131,S00383700300702010,金乡西收费站出口广场,封闭式出口,34.982231,116.229517
1132,S00383700300801010,张楼收费站入口广场,封闭式入口,35.028788,116.067201
1133,S00383700300802010,张楼收费站出口广场,封闭式出口,35.028788,116.067201
1134,S00383700300901010,成武北收费站入口广场,封闭式入口,35.038514,115.928283
1135,S00383700300902010,成武北收费站出口广场,封闭式出口,35.038514,115.928283
1136,S00383700301001010,定陶东收费站入口广场,封闭式入口,35.012899,115.694005
1137,S00383700301002010,定陶东收费站出口广场,封闭式出口,35.012899,115.694005
1138,S00383700301101010,定陶南收费站入口广场,封闭式入口,35.019381,115.552109
1139,S00383700301102010,定陶南收费站出口广场,封闭式出口,35.019381,115.552109
1140,S00383700301201010,定陶西收费站入口广场,封闭式入口,35.093455,155.424194
1141,S00383700301202010,定陶西收费站出口广场,封闭式出口,35.093455,155.424194
1142,S00383700400101010,临沂临港收费站入口广场,封闭式入口,34.920357,118.586604
1143,S00383700400102010,临沂临港收费站出口广场,封闭式出口,34.920357,118.586604
1144,S00383700400201010,莒南收费站入口广场,封闭式入口,35.097492,118.858712
1145,S00383700400202010,莒南收费站出口广场,封闭式出口,35.097492,118.858712
1146,S00383700400301010,相沟收费站入口广场,封闭式入口,35.056848,118.759058
1147,S00383700400302010,相沟收费站出口广场,封闭式出口,35.056848,118.759058
1148,S00383700400401010,临沭西收费站入口广场,封闭式入口,34.965143,118.597766
1149,S00383700400402010,临沭西收费站出口广场,封闭式出口,34.965143,118.597766
1150,S00383700400501010,梅家埠收费站入口广场,封闭式入口,34.906746,118.496292
1151,S00383700400502010,梅家埠收费站出口广场,封闭式出口,34.906746,118.496292
1152,S00383700400601010,郯城北收费站入口广场,封闭式入口,34.900459,118.415161
1153,S00383700400602010,郯城北收费站出口广场,封闭式出口,34.900459,118.415161
1154,S00383700400701010,册山收费站入口广场,封闭式入口,34.903763,118.330087
1155,S00383700400702010,册山收费站出口广场,封闭式出口,34.903763,118.330087
1156,S00383700400801010,罗庄收费站入口广场,封闭式入口,34.894326,118.255645
1157,S00383700400802010,罗庄收费站出口广场,封闭式出口,34.894326,118.255645
1158,S00383701101102010,胡家坊出口收费广场,,,
1159,S00623700100101010,胶东机场收费站入口广场,封闭式入口,36.31816813282815,120.11032590992833
1160,S00623700100102020,胶东机场收费站出口广场,封闭式出口,36.31819785869965,120.11038604683934
1161,S00623700100201010,胶莱收费站入口广场,封闭式入口,36.401776,120.092117
1162,S00623700100202020,胶莱收费站出口广场,封闭式出口,36.401869,120.092109
1163,S00833700100101010,枣庄东城收费站入口广场,封闭式入口,34.89140259990211,117.52416682810716
1164,S00833700100102010,枣庄东城收费站出口广场,封闭式出口,34.89319807366324,117.51639957898398
1165,S00833700100201010,山亭南收费站入口广场,封闭式入口,34.941868792210215,117.40376419537007
1166,S00833700100202010,山亭南收费站出口广场,封闭式出口,34.94176107773093,117.40377805399142
1167,S00833700100301010,木石收费站入口广场,封闭式入口,34.97983765931019,117.26864342562851
1168,S00833700100302010,木石收费站出口广场,封闭式出口,34.97976175147605,117.26861890497932
1169,S00833700200101010,税郭收费站入口广场,封闭式入口,34.841021302095996,117.67602727989403
1170,S00833700200102020,税郭收费站出口广场,封闭式出口,34.841094754947775,117.67604266022293
1171,S00853700100101010,红岛南站外广场,封闭式入口,36.188348403117786,120.30090922646454
1172,S00853700100102010,红岛南站内广场,封闭式出口,36.18840931740522,120.30104035231243
1173,S00853700100201010,海湾大桥站外广场,封闭式入口,36.15548405390645,120.36954126291995
1174,S00853700100202010,海湾大桥站内广场,封闭式出口,36.155260085708136,120.3693108041233
1175,S00853700100301010,海湾大桥南入口收费广场,封闭式入口,36.15348768369621,120.35870049773582
1176,S00853700100302020,海湾大桥南出口收费广场,封闭式出口,36.15401556035147,120.35828940842897
1177,S00853700100401010,海湾大桥北入口收费广场,封闭式入口,36.16428998011777,120.36587247309329
1178,S00853700100402020,海湾大桥北出口收费广场,封闭式出口,36.160629415089716,120.36391133844452
1179,S00853700200101010,胶州南收费站入口广场,封闭式入口,36.13694779,120.1299933
1180,S00853700200102020,胶州南收费站出口广场,封闭式出口,36.13717237,120.13007213
1181,S00883700100101010,济南兴隆入口广场,封闭式入口,36.57890260319087,117.09068439266942
1182,S00883700100102020,济南兴隆出口广场,封闭式出口,36.579007460427704,117.0911786059585
1183,S01013700100101010,董家收费站入口广场,封闭式入口,36.741057,117.318565
1184,S01013700100102010,董家收费站出口广场,封闭式出口,36.741057,117.318565
1185,S01013700100201010,孙村东收费站入口广场,封闭式入口,36.679498,117.353953
1186,S01013700100202010,孙村东收费站出口广场,封闭式出口,36.679498,117.353953
1187,S01013700100301010,曹范北收费站入口广场,封闭式入口,36.635585,117.580474
1188,S01013700100302010,曹范北收费站出口广场,封闭式出口,36.635585,117.580474
1189,S01053700100103010,济南长清黄河公路大桥收费广场,开放式,36.56450731209475,116.7144947560886
1190,S01053700100103020,济南长清黄河公路大桥收费广场,开放式,36.56489360370372,116.71460403727252
1191,S02273700100103010,东红路梅埠收费站,开放式,34.93369137940161,118.44408268220901
1192,S02273700100103020,东红路梅埠收费站,开放式,34.933770540338784,118.44396037354348
1193,S02463700100103010,惠民收费站,开放式,37.246226823077336,117.61569359259182
1194,S02463700200103010,高青收费站,开放式,37.24161241,117.65191569
1195,S03423700100103010,收费站东广场,开放式,35.355510,116.745880
1196,S03423700100103020,收费站西广场,开放式,35.355510,116.745880
1197,S38123700400101010,微山收费站入口广场,封闭式入口,34.828636,117.168374
1198,S38123700400102010,微山收费站出口广场,封闭式出口,34.828636,117.168374
1199,S72013700100101010,集贤收费站入口广场,封闭式入口,37.645450664541514,118.53377938536966
1200,S72013700100102010,集贤收费站出口广场,封闭式出口,37.64556321099553,118.53361615982321
1201,S72013700100201010,马场收费站入口广场,封闭式入口,37.79728888701841,118.70221934478555
1202,S72013700100202010,马场收费站出口广场,封闭式出口,37.79714971531406,118.70230126438499
1203,S72013700100301010,孤岛收费站入口广场,封闭式入口,37.87367784690129,118.75306925530212
1204,S72013700100302010,孤岛收费站出口广场,封闭式出口,37.87363183357185,118.75310232226674
1205,S72013700100401010,仙河收费站入口广场,封闭式入口,37.93694504804881,118.81183760351337
1206,S72013700100402010,仙河收费站出口广场,封闭式出口,37.93685705702035,118.81176352595702
1207,S72013700100501010,东营港收费站入口广场,封闭式入口,38.04654982550855,118.89828433906476
1208,S72013700100502010,东营港收费站出口广场,封闭式出口,38.04650887782958,118.89840330657704
1209,S76023700100101010,隐珠入口收费广场,封闭式入口,35.928067914034855,120.00112813415956
1210,S76023700100102020,隐珠出口收费广场,封闭式出口,35.92812571815868,120.00121017683803
1211,S76023700100201010,灵珠山入口收费广场,封闭式入口,36.02839891541453,120.08712813415958
1212,S76023700100202020,灵珠山出口收费广场,封闭式出口,36.028324927253735,120.08703080817462
1213,S76023700100301010,灵珠山东入口收费广场,封闭式入口,36.03563135861775,120.10884460891991
1214,S76023700100302020,灵珠山东出口收费广场,封闭式出口,36.03530182184001,120.10886588518399
1215,S76023700100401010,灵山湾入口收费广场,封闭式入口,35.95873776458029,120.03912087155946
1216,S76023700100402020,灵山湾出口收费广场,封闭式出口,35.95867531626892,120.03882663593346
1217,S81053700100104010,崔寨南收费站广场,封闭式出+封闭式入,36.791592,117.070242
1218,S81053700100204010,华山北收费站广场,封闭式出+封闭式入,36.754836,117.101469